id_leggo,interesse,nome_interesse,apelido,keywords,tema,advocacy_link,tipo_agenda
1,primeira-infancia,Primeira infância,NA,-,Parentalidade,NA,Positiva
2,primeira-infancia,Primeira infância,NA,caráter permanente;revogação;estado (nação);participação;ato das disposições constitucionais transitórias;política social;sociedade;acompanhamento;formulação;constituição federal (1988);texto constitucional;planejamento;fundo de manutenção e desenvolvimento da educação básica e de valorização dos profissionais da educação (fundeb);dispositivo,Educação Infantil,NA,Positiva
2,leggo,RAC,Tornar o FUNDEB permanente (Câmara),NA,Educação,NA,NA
3,primeira-infancia,Primeira infância,NA,-,Parentalidade,NA,Positiva
4,primeira-infancia,Primeira infância,NA,-,Políticas Inclusivas,NA,Positiva
5,primeira-infancia,Primeira infância,NA,fmcsv_alienação_parental,Parentalidade,NA,Positiva
6,primeira-infancia,Primeira infância,NA,ldb;alteração;nível médio;ensino fundamental;educação infantil;obrigatoriedade;educador assistente,Educação Infantil,NA,Positiva
7,primeira-infancia,Primeira infância,NA,-,Saúde e Segurança,NA,NA
8,primeira-infancia,Primeira infância,NA,-,Saúde e Segurança,NA,Positiva
9,primeira-infancia,Primeira infância,NA,-,Educação Infantil,NA,Positiva
10,primeira-infancia,Primeira infância,NA,instituição de ensino particular;psicólogo educacional;escola pública;contratação;educação básica;aluno;obrigatoriedade,Educação Infantil,NA,Positiva
11,primeira-infancia,Primeira infância,NA,-,Educação Infantil,NA,NA
12,primeira-infancia,Primeira infância,NA,-,Saúde e Segurança,NA,Positiva
13,primeira-infancia,Primeira infância,NA,-,Parentalidade,NA,Positiva
14,primeira-infancia,Primeira infância,NA,-,Políticas Inclusivas,NA,Positiva
15,primeira-infancia,Primeira infância,NA,vara da infância e da juventude;procedimento;assistência;adolescente;criação;criança;cadastramento;critério;casa de abrigo;apadrinhamento afetivo,Convivência Familiar e Comunitária,NA,Positiva
16,primeira-infancia,Primeira infância,NA,-,Parentalidade,NA,Positiva
17,primeira-infancia,Primeira infância,NA,mãe social;competência;lei federal;alteração;direitos;assistência;inclusão;candidato;atividade;requisitos;infrator;menor abandonado;penalidade;pai,Convivência Familiar e Comunitária,NA,Positiva
18,primeira-infancia,Primeira infância,NA,gratuidade;sistema único de saúde (sus);criança;transtorno do déficit de atenção com hiperatividade;medicamento;obrigatoriedade,Saúde e Segurança,NA,Positiva
19,primeira-infancia,Primeira infância,NA,-,Educação Infantil,NA,NA
20,primeira-infancia,Primeira infância,NA,-,Educação Infantil,NA,NA
21,primeira-infancia,Primeira infância,NA,fmcsv_primeira_infância,Educação Infantil,NA,Negativa
22,primeira-infancia,Primeira infância,NA,-,Convivência Familiar e Comunitária,NA,Positiva
23,primeira-infancia,Primeira infância,NA,-,Parentalidade,NA,Positiva
24,primeira-infancia,Primeira infância,NA,-,Saúde e Segurança,NA,Negativa
25,primeira-infancia,Primeira infância,NA,adoção judicial;inclusão;critérios;concessão;dispensa sem justa causa;contagem;fixação;nascimento;regulamentação;pai adotivo;licença-paternidade;proibição;consolidação das leis do trabalho (clt);férias;data;constituição federal;alteração;benefíciário;período;simultaneidade;filho;empregado,Parentalidade,NA,Positiva
26,primeira-infancia,Primeira infância,NA,escola pública;estudante;política nacional;criação;assistência à saúde,Saúde e Segurança;Educação Infantil,NA,Positiva
27,primeira-infancia,Primeira infância,NA,alimentação escolar;formação;incentivo;criação;pequeno produtor rural;conselho;regionalização;fundo nacional;(df);médio produtor rural;captação de recursos;recém-nascido;criança;programa nacional de apoio à infância;distribuição gratuita;gêneros alimentícios;redução;alimentação;gestante;alimentos;municípios;estados;migração;produção,Educação Infantil,NA,Positiva
28,primeira-infancia,Primeira infância,NA,-,Educação Infantil,NA,Positiva
29,primeira-infancia,Primeira infância,NA,-,Parentalidade,NA,NA
30,primeira-infancia,Primeira infância,NA,-,Saúde e Segurança,NA,Positiva
31,primeira-infancia,Primeira infância,NA,-,Educação Infantil,NA,NA
32,primeira-infancia,Primeira infância,NA,-,Educação Infantil,NA,NA
33,primeira-infancia,Primeira infância,NA,-,Políticas Inclusivas,NA,Positiva
34,primeira-infancia,Primeira infância,NA,pessoa com necessidade educacional especial;diretrizes;política nacional de atendimento educacional especializado a crianças de 0 a 3 (três) anos (precoce);criação;garantia;capacitação;atendimento educacional especializado;profissional da educação;acesso,Educação Infantil,NA,Positiva
35,primeira-infancia,Primeira infância,NA,falta injustificada;evasão escolar;alteração;estabelecimento de ensino;educação pré-escolar;aluno;notificação;dirigente;estatuto da criança e do adolescente (eca);conselho tutelar,Saúde e Segurança;Convivência Familiar e Comunitária,NA,Positiva
36,primeira-infancia,Primeira infância,NA,-,Políticas Inclusivas,NA,Positiva
37,primeira-infancia,Primeira infância,NA,-,Convivência Familiar e Comunitária,NA,Positiva
38,primeira-infancia,Primeira infância,NA,-,Convivência Familiar e Comunitária;Parentalidade,NA,Positiva
39,primeira-infancia,Primeira infância,NA,-,Educação Infantil,NA,NA
40,primeira-infancia,Primeira infância,NA,gratuidade;ldb;alteração;responsável legal;ensino público;redução;limite de idade;recenseamento;oferta;criança;garantia;educação especial;pai;aluno;educação infantil;matrícula;creche;pré-escola;deveres,Educação Infantil;Políticas Inclusivas,NA,NA
41,primeira-infancia,Primeira infância,NA,-,Saúde e Segurança,NA,Positiva
42,primeira-infancia,Primeira infância,NA,-,Educação Infantil,NA,NA
42,leggo,RAC,Escola Sem Partido,NA,Agenda Nacional,NA,NA
43,primeira-infancia,Primeira infância,NA,-,Educação Infantil,NA,NA
44,primeira-infancia,Primeira infância,NA,-,Parentalidade,NA,Positiva
45,primeira-infancia,Primeira infância,NA,_alteração;imposto sobre a renda e proventos de qualquer natureza (ir);população de baixa renda;fundo nacional de apoio à manutenção de crianças carentes em creches (funcreche);recursos;criação;inscrição;dedução;pessoa física;legislação tributária federal;programa nacional de apoio à manutenção de crianças carentes em creches (procreche);implementação;procedência;criança;doação;cadastro único para programas sociais do governo federal (cadúnico);finalidade;manutenção;projeto;captação;ministério da educação;fundo de natureza contábil,Educação Infantil,NA,Positiva
46,primeira-infancia,Primeira infância,NA,-,Parentalidade,NA,Positiva
47,primeira-infancia,Primeira infância,NA,recursos financeiros;município;alteração;lei da alimentação escolar;extrema pobreza;destinação;repasse;escola;critério;programa nacional de atividades espaciais (pnae),Saúde e Segurança,NA,Positiva
48,primeira-infancia,Primeira infância,NA,responsável legal;alteração;integridade psicológica;integridade física;indício;criança;proteção;visita assistida;sofrimento psicológico;agressor;medida cautelar;pais;estatuto da criança e do adolescente (eca);faixa etária;abuso sexual,Convivência Familiar e Comunitária;Parentalidade,NA,Positiva
49,primeira-infancia,Primeira infância,NA,-,Convivência Familiar e Comunitária;Parentalidade,NA,Positiva
50,primeira-infancia,Primeira infância,NA,-,Parentalidade,NA,Positiva
51,primeira-infancia,Primeira infância,NA,-,Políticas Inclusivas,NA,Positiva
52,primeira-infancia,Primeira infância,NA,-,Saúde e Segurança,NA,NA
53,primeira-infancia,Primeira infância,NA,-,Políticas Inclusivas,NA,Positiva
54,primeira-infancia,Primeira infância,NA,-,Educação Infantil,NA,Positiva
55,primeira-infancia,Primeira infância,NA,fmcsv_caderneta_infantil,Saúde e Segurança;Educação Infantil,NA,Positiva
56,primeira-infancia,Primeira infância,NA,-,Educação Infantil,NA,Positiva
57,primeira-infancia,Primeira infância,NA,-,Saúde e Segurança,NA,NA
58,primeira-infancia,Primeira infância,NA,FMCSV_Educação-Infantil; FMCSV_parentalidade,Educação Infantil;Saúde e Segurança,NA,Positiva
59,primeira-infancia,Primeira infância,NA,-,Saúde e Segurança,NA,Positiva
60,primeira-infancia,Primeira infância,NA,recursos financeiros;lei federal;alteração;lei do fundeb;educação;poder publico;convenio;(fundeb);fundo financeiro;escola comunitaria;calculo;educação infantil;matricula;instituição beneficente;distribuição,Educação Infantil,NA,Positiva
61,primeira-infancia,Primeira infância,NA,lei federal;alteração;preso;atendimento;psicologia;adolescente;criança;direito;paes;serviço social;regime fechado;responsavel;estatuto da criança e do adolescente,Convivência Familiar e Comunitária,NA,Positiva
62,primeira-infancia,Primeira infância,NA,-,Educação Infantil,NA,Positiva
63,primeira-infancia,Primeira infância,NA,direito a convivencia familiar;lei federal;liberdade;dignidade;direitos;alimentação;vida;poder familiar;criação;esporte;ensino profissionalizante;adoção;cultura;guarda;educação;saude;estatuto da criança e do adolescente;proteção;lazer,Convivência Familiar e Comunitária,NA,Negativa
64,primeira-infancia,Primeira infância,NA,-,Saúde e Segurança,NA,Positiva
65,primeira-infancia,Primeira infância,NA,-,Convivência Familiar e Comunitária,NA,Positiva
66,primeira-infancia,Primeira infância,NA,-,Parentalidade,NA,Positiva
67,primeira-infancia,Primeira infância,NA,-,Políticas Inclusivas,NA,Negativa
68,leggo,RAC,10 Medidas Contra a Corrupção,NA,Integridade e Transparência,NA,NA
69,leggo,RAC,Lei do Licenciamento Ambiental,NA,Meio Ambiente,NA,NA
71,leggo,RAC,Lei da Qualidade Fiscal,NA,Agenda Nacional,NA,NA
72,leggo,RAC,PL do Veneno,NA,Meio Ambiente,NA,NA
73,leggo,RAC,Lei do Teto Remuneratório,NA,Agenda Nacional,NA,NA
74,leggo,RAC,Estatuto do Índio,NA,Meio Ambiente,NA,NA
75,leggo,RAC,Lei para Acabar Zona de Amortecimento,NA,Meio Ambiente,NA,NA
76,leggo,RAC,Política Governo de Redução de Agrotóxico,NA,Meio Ambiente,NA,NA
77,leggo,RAC,Modernização da Lei de Licitações e Contratos,NA,Agenda Nacional,NA,NA
78,leggo,RAC,Alteração na Lei Antiterrorismo,NA,Agenda Nacional,NA,NA
79,leggo,RAC,Revogação do Estatuto do Desarmamento,NA,Agenda Nacional,NA,NA
80,leggo,RAC,Reforma da Previdência Temer,NA,Agenda Nacional,NA,NA
81,leggo,RAC,Revisão do contrato da cessão onerosa da Petrobras,NA,Agenda Nacional,NA,NA
82,leggo,RAC,Indenização Propriedades Privadas em Unidades de Conservação,NA,Meio Ambiente,NA,NA
83,leggo,RAC,Criação da Área de Proteção Ambiental de Canavieiras,NA,Meio Ambiente,NA,NA
84,leggo,RAC,Demarcações passam a ser competência exclusiva do Congresso,NA,Meio Ambiente,NA,NA
85,leggo,RAC,Lei do Pantanal - Molon,NA,Meio Ambiente,NA,NA
86,leggo,RAC,Lei do Cerrado,NA,Meio Ambiente,NA,NA
87,leggo,RAC,Cana na Amazônia,NA,Meio Ambiente,NA,NA
88,leggo,RAC,Lei do Pantanal - Maggi,NA,Meio Ambiente,NA,NA
89,leggo,RAC,Lei das Agências Reguladoras,NA,Agenda Nacional,NA,NA
90,leggo,RAC,Deixa de incluir FUNDEF no limite de gastos com pessoal,NA,Educação,NA,NA
91,leggo,RAC,Piso salarial do magistério público da educação básica - Moura,NA,Educação,NA,NA
92,leggo,RAC,Piso salarial do magistério público da educação básica - Marchezan,NA,Educação,NA,NA
93,leggo,RAC,Educação básica em tempo integral,NA,Educação,NA,NA
94,leggo,RAC,Autoriza trabalho a partir dos quatorze anos,NA,Direitos Humanos,NA,NA
95,leggo,RAC,Redução da maioridade penal,NA,Direitos Humanos,NA,NA
96,leggo,RAC,Trabalho infantil artístico,NA,Direitos Humanos,NA,NA
97,leggo,RAC,Trabalho infantil artístico e despostivo,NA,Direitos Humanos,NA,NA
98,leggo,RAC,Aumento do tempo de internação,NA,Direitos Humanos,NA,NA
99,leggo,RAC,Assinatura eletrônica em Leis de Iniciativa Popular,NA,Integridade e Transparência,NA,NA
100,leggo,RAC,Nova Previdência,NA,Agenda Nacional,NA,NA
101,leggo,RAC,Monitoramento e Acompanhamento de ONGs,NA,Agenda Nacional,NA,NA
102,leggo,RAC,Pacote Moro Caixa 2,NA,Agenda Nacional;Integridade e Transparência,NA,NA
103,leggo,RAC,Pacote Moro Crime Organizado (Apensado),NA,Agenda Nacional;Integridade e Transparência,NA,NA
104,leggo,RAC,Pacote Moro Anticorrupção,NA,Agenda Nacional;Integridade e Transparência,NA,NA
105,leggo,RAC,Mercado da água,NA,Meio Ambiente,NA,NA
106,leggo,RAC,PEC Antiaborto,NA,Direitos Humanos,NA,NA
107,leggo,RAC,Altera o marco legal do saneamento básico,NA,Agenda Nacional;Meio Ambiente,NA,NA
108,leggo,RAC,Disciplina a atividade de lobby,NA,Integridade e Transparência,NA,NA
109,leggo,RAC,Pacote Moro Crime Organizado (Principal),NA,Agenda Nacional;Integridade e Transparência,NA,NA
110,leggo,RAC,Programa de Regularização Ambiental,NA,Agenda Nacional;Meio Ambiente,NA,NA
111,leggo,RAC,PNCMar,NA,Meio Ambiente,NA,NA
112,leggo,RAC,Pacote Moro - Crime Organizado,NA,Agenda Nacional;Integridade e Transparência,NA,NA
113,leggo,RAC,Anistia Tributária para Partidos,NA,Integridade e Transparência,NA,NA
114,leggo,RAC,Fim da Reserva Legal,NA,Meio Ambiente,NA,NA
115,leggo,RAC,Extinção das Cotas de Candidaturas Femininas,NA,Direitos Humanos,NA,NA
116,leggo,RAC,Proteção de Dados Pessoais,NA,Integridade e Transparência,NA,NA
117,leggo,RAC,Programa de Integridade para Partidos,NA,Integridade e Transparência,NA,NA
118,leggo,RAC,Situação Jurídica do Estrangeiro no Brasil,NA,Direitos Humanos,NA,NA
119,leggo,RAC,Tornar o FUNDEB permanente (Senado),NA,Educação,NA,NA
120,leggo,RAC,PL das Compras Públicas (Nova Lei de Licitações),NA,Integridade e Transparência,NA,NA
121,leggo,RAC,Liberdade Econômica,NA,Agenda Nacional,NA,NA
122,leggo,RAC,Reforma do setor elétrico (Senado),NA,Meio Ambiente,NA,NA
123,leggo,RAC,Reforma do setor elétrico (Câmara),NA,Meio Ambiente,NA,NA
124,leggo,RAC,Controle das OSCs,NA,Integridade e Transparência,NA,NA
125,leggo,RAC,Reforma tributária,NA,Agenda Nacional,NA,NA
125,congresso-remoto,Congresso remoto,Reforma tributária,NA,Nova Economia,NA,NA
126,leggo,RAC,Uso do Fundo Partidário para Remunerar funcionários de Partido Político,NA,Integridade e Transparência,NA,NA
127,leggo,RAC,Retira prazo para inscrição de propriedades no CAR,NA,Meio Ambiente,NA,NA
128,leggo,RAC,Transparência Partidária (Câmara),NA,Integridade e Transparência,NA,NA
129,leggo,RAC,Transparência partidária (Senado),NA,Integridade e Transparência,NA,NA
130,leggo,RAC,PL das Armas,NA,Direitos Humanos;Agenda Nacional,https://drive.google.com/drive/folders/1T_oUL4xCeFCII9Piy0v6-rYRWliI09dq,NA
131,leggo,RAC,Controle do Desmatamento,NA,Meio Ambiente,NA,NA
132,leggo,RAC,Pena Menores de 21,NA,Direitos Humanos,NA,NA
133,leggo,RAC,Marco Legal Saneamento Básico,NA,Agenda Nacional,NA,NA
134,leggo,RAC,Substitui a lei de agrotóxicos atualmente em vigor,NA,Meio Ambiente,NA,NA
135,leggo,RAC,Altera o Código de Trânsito Brasileiro (CTB),NA,Direitos Humanos,NA,NA
135,congresso-remoto,Congresso remoto,Código de Trânsito Brasileiro,NA,Outros,NA,NA
136,leggo,RAC,Obriga a divulgação do serviço de denúncia de violência contra a Mulher,NA,Direitos Humanos,NA,NA
137,leggo,RAC,Combate à exploração sexual de crianças e adolescentes em contratos públicos de grandes obras,NA,Direitos Humanos,NA,NA
138,leggo,RAC,Caracteriza como crime a exploração do trabalho infantil,NA,Direitos Humanos,NA,NA
139,leggo,RAC,Coíbe o assédio e o abuso sexual no transporte público,NA,Direitos Humanos,NA,NA
140,leggo,RAC,Permite a regulamentação da caça por municípios,NA,Meio Ambiente,NA,NA
141,leggo,RAC,Permite a regulamentação da caça por estados,NA,Meio Ambiente,NA,NA
142,leggo,RAC,"Institui o Estatuto do Colecionismo, Tiro Desportivo e Caça",NA,Meio Ambiente,NA,NA
143,leggo,RAC,PL da Caça,NA,Meio Ambiente,NA,NA
144,leggo,RAC,"Cria o Estatuto dos CACs - Colecionadores, Atiradores e Caçadores",NA,Meio Ambiente,NA,NA
145,leggo,RAC,Amplia mecanismos de investigação de mortes decorrentes de intervenção policial,NA,Direitos Humanos,NA,NA
146,leggo,RAC,PEC do Orçamento de Guerra,NA,Agenda Nacional,NA,NA
147,leggo,RAC,NA,NA,Agenda nacional,NA,NA
147,congresso-remoto,Congresso remoto,NA,NA,Administração Pública;Finanças Públicas e Orçamento,NA,NA
148,leggo,RAC,NA,NA,Agenda nacional,NA,NA
148,congresso-remoto,Congresso remoto,NA,NA,Tributação,NA,NA
149,leggo,RAC,NA,NA,Agenda nacional,NA,NA
149,congresso-remoto,Congresso remoto,NA,NA,Planejamento e orçamento,NA,NA
150,leggo,RAC,NA,NA,Meio ambiente,NA,NA
150,congresso-remoto,Congresso remoto,NA,NA,Meio ambiente,NA,NA
151,leggo,RAC,NA,NA,Meio ambiente,NA,NA
151,congresso-remoto,Congresso remoto,NA,NA,Meio ambiente,NA,NA
152,leggo,RAC,NA,NA,Educação,NA,NA
152,congresso-remoto,Congresso remoto,NA,NA,Educação,NA,NA
154,leggo,RAC,NA,NA,Educação,NA,NA
154,congresso-remoto,Congresso remoto,NA,NA,Educação,NA,NA
155,leggo,RAC,NA,NA,Educação,NA,NA
155,congresso-remoto,Congresso remoto,NA,NA,Educação,NA,NA
156,congresso-remoto,Congresso remoto,NA,NA,Direito Penal e Processual Penal;Direitos Humanos e Minorias,NA,NA
157,congresso-remoto,Congresso remoto,NA,NA,"Direito e Defesa do Consumidor;Indústria, Comércio e Serviços;Saúde",NA,NA
158,congresso-remoto,Congresso remoto,NA,NA,"Indústria, Comércio e Serviços;Saúde",NA,NA
159,congresso-remoto,Congresso remoto,NA,NA,Saúde,NA,NA
160,congresso-remoto,Congresso remoto,NA,NA,Saúde;Trabalho e Emprego,NA,NA
161,congresso-remoto,Congresso remoto,NA,NA,Saúde,NA,NA
162,congresso-remoto,Congresso remoto,NA,NA,"Direito e Defesa do Consumidor;Viação, Transporte e Mobilidade",NA,NA
163,congresso-remoto,Congresso remoto,NA,NA,Processo Legislativo e Atuação Parlamentar;Saúde,NA,NA
164,congresso-remoto,Congresso remoto,NA,NA,"Arte, Cultura e Religião;Finanças Públicas e Orçamento;Saúde",NA,NA
165,congresso-remoto,Congresso remoto,NA,NA,Educação;Saúde,NA,NA
166,congresso-remoto,Congresso remoto,NA,NA,"Arte, Cultura e Religião;Saúde;Trabalho e Emprego",NA,NA
167,congresso-remoto,Congresso remoto,NA,NA,Esporte e Lazer;Finanças Públicas e Orçamento;Saúde,NA,NA
168,congresso-remoto,Congresso remoto,NA,NA,Saúde,NA,NA
169,congresso-remoto,Congresso remoto,NA,NA,Educação;Saúde,NA,NA
170,congresso-remoto,Congresso remoto,NA,NA,"Administração Pública;Direito e Defesa do Consumidor;Energia, Recursos Hídricos e Minerais",NA,NA
171,congresso-remoto,Congresso remoto,NA,NA,Direitos Humanos e Minorias;Educação;Finanças Públicas e Orçamento,NA,NA
172,congresso-remoto,Congresso remoto,NA,NA,Educação;Saúde,NA,NA
173,congresso-remoto,Congresso remoto,NA,NA,Economia;Finanças Públicas e Orçamento,NA,NA
174,congresso-remoto,Congresso remoto,NA,NA,"Direitos Humanos e Minorias;Energia, Recursos Hídricos e Minerais",NA,NA
175,congresso-remoto,Congresso remoto,NA,NA,"Economia;Indústria, Comércio e Serviços",NA,NA
176,congresso-remoto,Congresso remoto,NA,NA,Saúde,NA,NA
177,congresso-remoto,Congresso remoto,NA,NA,Direitos Humanos e Minorias;Educação,NA,NA
178,congresso-remoto,Congresso remoto,NA,NA,Educação;Saúde,NA,NA
179,congresso-remoto,Congresso remoto,NA,NA,Defesa e Segurança;Direitos Humanos e Minorias;Saúde,NA,NA
180,congresso-remoto,Congresso remoto,NA,NA,"Arte, Cultura e Religião;Saúde",NA,NA
181,congresso-remoto,Congresso remoto,NA,NA,Saúde;Trabalho e Emprego,NA,NA
182,congresso-remoto,Congresso remoto,NA,NA,"Direito Civil e Processual Civil;Economia;Indústria, Comércio e Serviços",NA,NA
183,congresso-remoto,Congresso remoto,NA,NA,Direitos Humanos e Minorias;Saúde,NA,NA
184,congresso-remoto,Congresso remoto,NA,NA,Administração Pública;Direitos Humanos e Minorias;Saúde,NA,NA
185,congresso-remoto,Congresso remoto,NA,NA,Direitos Humanos e Minorias;Saúde,NA,NA
186,congresso-remoto,Congresso remoto,NA,NA,Comunicações;Saúde;Trabalho e Emprego,NA,NA
187,congresso-remoto,Congresso remoto,NA,NA,"Indústria, Comércio e Serviços;Saúde",NA,NA
188,congresso-remoto,Congresso remoto,NA,NA,Finanças Públicas e Orçamento;Saúde,NA,NA
189,congresso-remoto,Congresso remoto,NA,NA,"Direitos Humanos e Minorias;Indústria, Comércio e Serviços;Saúde",NA,NA
190,congresso-remoto,Congresso remoto,NA,NA,Estrutura Fundiária,NA,NA
191,congresso-remoto,Congresso remoto,NA,NA,Comunicações;Defesa e Segurança;Direitos Humanos e Minorias,NA,NA
192,congresso-remoto,Congresso remoto,NA,NA,Saúde;Trabalho e Emprego,NA,NA
193,congresso-remoto,Congresso remoto,NA,NA,Direitos Humanos e Minorias;Saúde,NA,NA
194,congresso-remoto,Congresso remoto,NA,NA,Educação;Saúde,NA,NA
195,congresso-remoto,Congresso remoto,NA,NA,Educação;Saúde,NA,NA
196,congresso-remoto,Congresso remoto,NA,NA,Educação;Saúde,NA,NA
197,congresso-remoto,Congresso remoto,NA,NA,Educação;Saúde,NA,NA
198,congresso-remoto,Congresso remoto,NA,NA,Educação;Saúde,NA,NA
199,congresso-remoto,Congresso remoto,NA,NA,Finanças Públicas e Orçamento;Previdência e Assistência Social;Saúde,NA,NA
200,congresso-remoto,Congresso remoto,NA,NA,Direito e Defesa do Consumidor;Economia;Saúde,NA,NA
201,congresso-remoto,Congresso remoto,NA,NA,"Direito e Defesa do Consumidor;Indústria, Comércio e Serviços;Saúde",NA,NA
202,congresso-remoto,Congresso remoto,NA,NA,"Administração Pública;Direito e Defesa do Consumidor;Indústria, Comércio e Serviços",NA,NA
203,congresso-remoto,Congresso remoto,NA,NA,Direito e Defesa do Consumidor;Saúde,NA,NA
204,congresso-remoto,Congresso remoto,NA,NA,Finanças Públicas e Orçamento;Saúde,NA,NA
205,congresso-remoto,Congresso remoto,NA,NA,Administração Pública;Direito e Defesa do Consumidor,NA,NA
206,congresso-remoto,Congresso remoto,NA,NA,Administração Pública;Defesa e Segurança;Direito Civil e Processual Civil,NA,NA
207,congresso-remoto,Congresso remoto,NA,NA,Direitos Humanos e Minorias;Educação;Previdência e Assistência Social,NA,NA
208,congresso-remoto,Congresso remoto,NA,NA,"Economia;Finanças Públicas e Orçamento;Indústria, Comércio e Serviços",NA,NA
209,congresso-remoto,Congresso remoto,NA,NA,Administração Pública;Direitos Humanos e Minorias;Saúde,NA,NA
210,congresso-remoto,Congresso remoto,NA,NA,Saúde,NA,NA
211,congresso-remoto,Congresso remoto,NA,NA,Defesa e Segurança;Saúde;Trabalho e Emprego,NA,NA
212,congresso-remoto,Congresso remoto,NA,NA,Saúde;Trabalho e Emprego,NA,NA
213,congresso-remoto,Congresso remoto,NA,NA,Administração Pública;Saúde;Trabalho e Emprego,NA,NA
214,congresso-remoto,Congresso remoto,NA,NA,Saúde;Trabalho e Emprego,NA,NA
215,congresso-remoto,Congresso remoto,NA,NA,Educação;Saúde;Trabalho e Emprego,NA,NA
216,congresso-remoto,Congresso remoto,NA,NA,Educação;Saúde,NA,NA
217,congresso-remoto,Congresso remoto,NA,NA,Educação;Saúde,NA,NA
218,congresso-remoto,Congresso remoto,NA,NA,Educação;Saúde,NA,NA
219,congresso-remoto,Congresso remoto,NA,NA,Educação;Finanças Públicas e Orçamento;Saúde,NA,NA
220,congresso-remoto,Congresso remoto,NA,NA,Educação;Saúde,NA,NA
221,congresso-remoto,Congresso remoto,NA,NA,Educação;Finanças Públicas e Orçamento;Saúde,NA,NA
222,congresso-remoto,Congresso remoto,NA,NA,Educação;Saúde,NA,NA
223,congresso-remoto,Congresso remoto,NA,NA,Educação;Finanças Públicas e Orçamento;Saúde,NA,NA
224,congresso-remoto,Congresso remoto,NA,NA,Educação;Saúde,NA,NA
225,congresso-remoto,Congresso remoto,NA,NA,Educação;Saúde,NA,NA
226,congresso-remoto,Congresso remoto,NA,NA,Direito e Defesa do Consumidor;Economia,NA,NA
227,congresso-remoto,Congresso remoto,NA,NA,Direito e Defesa do Consumidor;Economia;Saúde,NA,NA
228,congresso-remoto,Congresso remoto,NA,NA,Administração Pública;Direitos Humanos e Minorias;Saúde,NA,NA
229,congresso-remoto,Congresso remoto,NA,NA,Direitos Humanos e Minorias;Previdência e Assistência Social;Saúde,NA,NA
230,congresso-remoto,Congresso remoto,NA,NA,Saúde;Trabalho e Emprego,NA,NA
231,congresso-remoto,Congresso remoto,NA,NA,"Direitos Humanos e Minorias;Indústria, Comércio e Serviços",NA,NA
232,congresso-remoto,Congresso remoto,NA,NA,Previdência e Assistência Social;Saúde;Trabalho e Emprego,NA,NA
233,congresso-remoto,Congresso remoto,NA,NA,Previdência e Assistência Social;Saúde;Trabalho e Emprego,NA,NA
234,congresso-remoto,Congresso remoto,NA,NA,Administração Pública;Direito Civil e Processual Civil;Direitos Humanos e Minorias,NA,NA
235,congresso-remoto,Congresso remoto,NA,NA,Direito Civil e Processual Civil;Direito e Defesa do Consumidor;Saúde,NA,NA
236,congresso-remoto,Congresso remoto,NA,NA,Direitos Humanos e Minorias;Saúde,NA,NA
237,congresso-remoto,Congresso remoto,NA,NA,Direitos Humanos e Minorias;Saúde,NA,NA
238,congresso-remoto,Congresso remoto,NA,NA,"Indústria, Comércio e Serviços;Saúde",NA,NA
239,congresso-remoto,Congresso remoto,NA,NA,Administração Pública;Saúde;Trabalho e Emprego,NA,NA
240,congresso-remoto,Congresso remoto,NA,NA,Administração Pública;Saúde;Trabalho e Emprego,NA,NA
241,congresso-remoto,Congresso remoto,NA,NA,Educação;Saúde,NA,NA
242,congresso-remoto,Congresso remoto,NA,NA,Educação;Saúde,NA,NA
243,congresso-remoto,Congresso remoto,NA,NA,Educação;Saúde,NA,NA
244,congresso-remoto,Congresso remoto,NA,NA,Administração Pública;Educação,NA,NA
245,congresso-remoto,Congresso remoto,NA,NA,Educação;Saúde,NA,NA
246,congresso-remoto,Congresso remoto,NA,NA,Educação;Finanças Públicas e Orçamento;Saúde,NA,NA
247,congresso-remoto,Congresso remoto,NA,NA,Economia;Educação;Saúde,NA,NA
248,congresso-remoto,Congresso remoto,NA,NA,Administração Pública;Finanças Públicas e Orçamento;Saúde,NA,NA
249,congresso-remoto,Congresso remoto,NA,NA,Previdência e Assistência Social;Saúde;Trabalho e Emprego,NA,NA
250,congresso-remoto,Congresso remoto,NA,NA,Previdência e Assistência Social;Saúde;Trabalho e Emprego,NA,NA
251,congresso-remoto,Congresso remoto,NA,NA,Saúde;Trabalho e Emprego,NA,NA
252,congresso-remoto,Congresso remoto,NA,NA,Saúde;Trabalho e Emprego,NA,NA
253,congresso-remoto,Congresso remoto,NA,NA,Educação;Saúde,NA,NA
254,congresso-remoto,Congresso remoto,NA,NA,"Ciência, Tecnologia e Inovação;Educação;Finanças Públicas e Orçamento",NA,NA
255,congresso-remoto,Congresso remoto,NA,NA,"Indústria, Comércio e Serviços;Saúde",NA,NA
256,congresso-remoto,Congresso remoto,NA,NA,Direitos Humanos e Minorias;Finanças Públicas e Orçamento;Saúde,NA,NA
257,congresso-remoto,Congresso remoto,NA,NA,Saúde,NA,NA
258,congresso-remoto,Congresso remoto,NA,NA,Esporte e Lazer;Saúde,NA,NA
259,congresso-remoto,Congresso remoto,NA,NA,Direitos Humanos e Minorias;Saúde,NA,NA
260,congresso-remoto,Congresso remoto,NA,NA,Economia;Saúde,NA,NA
261,congresso-remoto,Congresso remoto,NA,NA,"Indústria, Comércio e Serviços;Saúde",NA,NA
262,congresso-remoto,Congresso remoto,NA,NA,Direito e Defesa do Consumidor;Saúde;Trabalho e Emprego,NA,NA
263,congresso-remoto,Congresso remoto,NA,NA,Saúde,NA,NA
264,congresso-remoto,Congresso remoto,NA,NA,"Administração Pública;Indústria, Comércio e Serviços;Saúde",NA,NA
265,congresso-remoto,Congresso remoto,NA,NA,Previdência e Assistência Social;Saúde,NA,NA
266,congresso-remoto,Congresso remoto,NA,NA,Previdência e Assistência Social;Saúde,NA,NA
267,congresso-remoto,Congresso remoto,NA,NA,Previdência e Assistência Social;Saúde,NA,NA
268,congresso-remoto,Congresso remoto,NA,NA,Esporte e Lazer;Finanças Públicas e Orçamento;Saúde,NA,NA
269,congresso-remoto,Congresso remoto,NA,NA,"Indústria, Comércio e Serviços;Saúde;Viação, Transporte e Mobilidade",NA,NA
270,congresso-remoto,Congresso remoto,NA,NA,"Direito e Defesa do Consumidor;Saúde;Viação, Transporte e Mobilidade",NA,NA
271,congresso-remoto,Congresso remoto,NA,NA,Administração Pública;Finanças Públicas e Orçamento;Saúde,NA,NA
272,congresso-remoto,Congresso remoto,NA,NA,"Direitos Humanos e Minorias;Indústria, Comércio e Serviços;Saúde",NA,NA
273,congresso-remoto,Congresso remoto,NA,NA,"Saúde;Trabalho e Emprego;Viação, Transporte e Mobilidade",NA,NA
274,congresso-remoto,Congresso remoto,NA,NA,Previdência e Assistência Social;Saúde;Trabalho e Emprego,NA,NA
275,congresso-remoto,Congresso remoto,NA,NA,"Arte, Cultura e Religião;Saúde",NA,NA
276,congresso-remoto,Congresso remoto,NA,NA,Previdência e Assistência Social;Saúde;Trabalho e Emprego,NA,NA
277,congresso-remoto,Congresso remoto,NA,NA,"Arte, Cultura e Religião;Economia;Finanças Públicas e Orçamento",NA,NA
278,congresso-remoto,Congresso remoto,NA,NA,Direito Civil e Processual Civil;Saúde,NA,NA
279,congresso-remoto,Congresso remoto,NA,NA,"Cidades e Desenvolvimento Urbano;Indústria, Comércio e Serviços;Saúde",NA,NA
280,congresso-remoto,Congresso remoto,NA,NA,Cidades e Desenvolvimento Urbano;Direito Civil e Processual Civil;Saúde,NA,NA
281,congresso-remoto,Congresso remoto,NA,NA,Direito Civil e Processual Civil;Saúde,NA,NA
282,congresso-remoto,Congresso remoto,NA,NA,Finanças Públicas e Orçamento;Saúde;Trabalho e Emprego,NA,NA
283,congresso-remoto,Congresso remoto,NA,NA,Finanças Públicas e Orçamento;Saúde,NA,NA
284,congresso-remoto,Congresso remoto,NA,NA,"Direito Civil e Processual Civil;Indústria, Comércio e Serviços;Saúde",NA,NA
285,congresso-remoto,Congresso remoto,NA,NA,Direito Civil e Processual Civil;Economia;Saúde,NA,NA
286,congresso-remoto,Congresso remoto,NA,NA,Direito Civil e Processual Civil;Direito e Defesa do Consumidor;Saúde,NA,NA
287,congresso-remoto,Congresso remoto,NA,NA,Finanças Públicas e Orçamento;Saúde,NA,NA
288,congresso-remoto,Congresso remoto,NA,NA,Direito Civil e Processual Civil;Saúde,NA,NA
289,congresso-remoto,Congresso remoto,NA,NA,Direito Civil e Processual Civil;Direito e Defesa do Consumidor;Saúde,NA,NA
290,congresso-remoto,Congresso remoto,NA,NA,Administração Pública;Direito Civil e Processual Civil;Estrutura Fundiária,NA,NA
291,congresso-remoto,Congresso remoto,NA,NA,Administração Pública;Direito Civil e Processual Civil;Direitos Humanos e Minorias,NA,NA
292,congresso-remoto,Congresso remoto,NA,NA,Defesa e Segurança;Direitos Humanos e Minorias;Saúde,NA,NA
293,congresso-remoto,Congresso remoto,NA,NA,Saúde;Trabalho e Emprego,NA,NA
294,congresso-remoto,Congresso remoto,NA,NA,"Indústria, Comércio e Serviços;Saúde",NA,NA
295,congresso-remoto,Congresso remoto,NA,NA,Direito Civil e Processual Civil;Saúde,NA,NA
296,congresso-remoto,Congresso remoto,NA,NA,"Finanças Públicas e Orçamento;Indústria, Comércio e Serviços;Saúde",NA,NA
297,congresso-remoto,Congresso remoto,NA,NA,"Direito Civil e Processual Civil;Indústria, Comércio e Serviços;Saúde",NA,NA
298,congresso-remoto,Congresso remoto,NA,NA,"Administração Pública;Agricultura, Pecuária, Pesca e Extrativismo;Direitos Humanos e Minorias",NA,NA
299,congresso-remoto,Congresso remoto,NA,NA,"Direito Civil e Processual Civil;Indústria, Comércio e Serviços;Saúde",NA,NA
300,congresso-remoto,Congresso remoto,NA,NA,Administração Pública;Direito Civil e Processual Civil;Direitos Humanos e Minorias,NA,NA
301,congresso-remoto,Congresso remoto,NA,NA,Direito Penal e Processual Penal;Direitos Humanos e Minorias;Saúde,NA,NA
302,congresso-remoto,Congresso remoto,NA,NA,Direitos Humanos e Minorias;Finanças Públicas e Orçamento;Previdência e Assistência Social,NA,NA
303,congresso-remoto,Congresso remoto,NA,NA,"Finanças Públicas e Orçamento;Indústria, Comércio e Serviços;Saúde",NA,NA
304,congresso-remoto,Congresso remoto,NA,NA,"Finanças Públicas e Orçamento;Indústria, Comércio e Serviços;Saúde",NA,NA
305,congresso-remoto,Congresso remoto,NA,NA,Previdência e Assistência Social;Saúde,NA,NA
306,congresso-remoto,Congresso remoto,NA,NA,"Agricultura, Pecuária, Pesca e Extrativismo;Saúde",NA,NA
307,congresso-remoto,Congresso remoto,NA,NA,Saúde;Trabalho e Emprego,NA,NA
308,congresso-remoto,Congresso remoto,NA,NA,"Direito e Defesa do Consumidor;Indústria, Comércio e Serviços",NA,NA
309,congresso-remoto,Congresso remoto,NA,NA,Finanças Públicas e Orçamento;Meio Ambiente e Desenvolvimento Sustentável;Trabalho e Emprego,NA,NA
310,congresso-remoto,Congresso remoto,NA,NA,"Energia, Recursos Hídricos e Minerais;Previdência e Assistência Social;Saúde",NA,NA
311,congresso-remoto,Congresso remoto,NA,NA,Defesa e Segurança;Direitos Humanos e Minorias,NA,NA
312,congresso-remoto,Congresso remoto,NA,NA,Defesa e Segurança;Direito Penal e Processual Penal;Direitos Humanos e Minorias,NA,NA
313,congresso-remoto,Congresso remoto,NA,NA,Comunicações;Direito e Defesa do Consumidor,NA,NA
314,congresso-remoto,Congresso remoto,NA,NA,"Economia;Energia, Recursos Hídricos e Minerais",NA,NA
315,congresso-remoto,Congresso remoto,NA,NA,Direito e Defesa do Consumidor;Saúde,NA,NA
316,congresso-remoto,Congresso remoto,NA,NA,Finanças Públicas e Orçamento;Saúde,NA,NA
317,congresso-remoto,Congresso remoto,NA,NA,Direito e Defesa do Consumidor;Saúde,NA,NA
318,congresso-remoto,Congresso remoto,NA,NA,Direito e Defesa do Consumidor;Saúde,NA,NA
319,congresso-remoto,Congresso remoto,NA,NA,Finanças Públicas e Orçamento;Saúde,NA,NA
320,congresso-remoto,Congresso remoto,NA,NA,Finanças Públicas e Orçamento;Saúde,NA,NA
321,congresso-remoto,Congresso remoto,NA,NA,Direitos Humanos e Minorias;Finanças Públicas e Orçamento;Saúde,NA,NA
322,congresso-remoto,Congresso remoto,NA,NA,Direito e Defesa do Consumidor;Saúde,NA,NA
323,congresso-remoto,Congresso remoto,NA,NA,Direito e Defesa do Consumidor;Saúde,NA,NA
324,congresso-remoto,Congresso remoto,NA,NA,Direito e Defesa do Consumidor;Saúde,NA,NA
325,congresso-remoto,Congresso remoto,NA,NA,Direito e Defesa do Consumidor;Saúde,NA,NA
326,congresso-remoto,Congresso remoto,NA,NA,Direito e Defesa do Consumidor;Saúde,NA,NA
327,congresso-remoto,Congresso remoto,NA,NA,Finanças Públicas e Orçamento,NA,NA
328,congresso-remoto,Congresso remoto,NA,NA,"Direito Civil e Processual Civil;Indústria, Comércio e Serviços;Saúde",NA,NA
329,congresso-remoto,Congresso remoto,NA,NA,Direito e Defesa do Consumidor;Saúde,NA,NA
330,congresso-remoto,Congresso remoto,NA,NA,Direito e Defesa do Consumidor;Saúde,NA,NA
331,congresso-remoto,Congresso remoto,NA,NA,Direito e Defesa do Consumidor;Saúde,NA,NA
332,congresso-remoto,Congresso remoto,NA,NA,Educação,NA,NA
333,congresso-remoto,Congresso remoto,NA,NA,Direito e Defesa do Consumidor;Saúde,NA,NA
334,congresso-remoto,Congresso remoto,NA,NA,"Direito Civil e Processual Civil;Finanças Públicas e Orçamento;Indústria, Comércio e Serviços",NA,NA
335,congresso-remoto,Congresso remoto,NA,NA,"Direito Civil e Processual Civil;Economia;Indústria, Comércio e Serviços",NA,NA
336,congresso-remoto,Congresso remoto,NA,NA,Direito e Defesa do Consumidor;Saúde,NA,NA
337,congresso-remoto,Congresso remoto,NA,NA,Direito e Defesa do Consumidor;Saúde,NA,NA
338,congresso-remoto,Congresso remoto,NA,NA,Direitos Humanos e Minorias;Educação,NA,NA
339,congresso-remoto,Congresso remoto,NA,NA,Direito e Defesa do Consumidor;Saúde,NA,NA
340,congresso-remoto,Congresso remoto,NA,NA,Direito e Defesa do Consumidor;Saúde,NA,NA
341,congresso-remoto,Congresso remoto,NA,NA,Direito e Defesa do Consumidor;Saúde,NA,NA
342,congresso-remoto,Congresso remoto,NA,NA,Educação,NA,NA
343,congresso-remoto,Congresso remoto,NA,NA,Direitos Humanos e Minorias;Educação;Trabalho e Emprego,NA,NA
344,congresso-remoto,Congresso remoto,NA,NA,Administração Pública;Direitos Humanos e Minorias;Educação,NA,NA
345,congresso-remoto,Congresso remoto,NA,NA,Educação;Saúde,NA,NA
346,congresso-remoto,Congresso remoto,NA,NA,Educação;Saúde,NA,NA
347,congresso-remoto,Congresso remoto,NA,NA,Educação;Saúde,NA,NA
348,congresso-remoto,Congresso remoto,NA,NA,Educação;Saúde,NA,NA
349,congresso-remoto,Congresso remoto,NA,NA,Educação;Saúde,NA,NA
350,congresso-remoto,Congresso remoto,NA,NA,Educação;Saúde,NA,NA
351,congresso-remoto,Congresso remoto,NA,NA,Direitos Humanos e Minorias;Educação,NA,NA
352,congresso-remoto,Congresso remoto,NA,NA,Educação;Saúde,NA,NA
353,congresso-remoto,Congresso remoto,NA,NA,Educação;Saúde,NA,NA
354,congresso-remoto,Congresso remoto,NA,NA,Finanças Públicas e Orçamento,NA,NA
355,congresso-remoto,Congresso remoto,NA,NA,"Economia;Finanças Públicas e Orçamento;Indústria, Comércio e Serviços",NA,NA
356,congresso-remoto,Congresso remoto,NA,NA,Finanças Públicas e Orçamento;Previdência e Assistência Social,NA,NA
357,congresso-remoto,Congresso remoto,NA,NA,Defesa e Segurança,NA,NA
358,congresso-remoto,Congresso remoto,NA,NA,Defesa e Segurança,NA,NA
359,congresso-remoto,Congresso remoto,NA,NA,Defesa e Segurança,NA,NA
360,congresso-remoto,Congresso remoto,NA,NA,Saúde;Trabalho e Emprego,NA,NA
361,congresso-remoto,Congresso remoto,NA,NA,Saúde;Trabalho e Emprego,NA,NA
362,congresso-remoto,Congresso remoto,NA,NA,Defesa e Segurança;Direito Penal e Processual Penal;Direitos Humanos e Minorias,NA,NA
363,congresso-remoto,Congresso remoto,NA,NA,Saúde,NA,NA
364,congresso-remoto,Congresso remoto,NA,NA,"Saúde;Viação, Transporte e Mobilidade",NA,NA
365,congresso-remoto,Congresso remoto,NA,NA,Direito Penal e Processual Penal;Saúde,NA,NA
366,congresso-remoto,Congresso remoto,NA,NA,"Finanças Públicas e Orçamento;Turismo;Viação, Transporte e Mobilidade",NA,NA
367,congresso-remoto,Congresso remoto,NA,NA,Administração Pública;Previdência e Assistência Social;Saúde,NA,NA
368,congresso-remoto,Congresso remoto,NA,NA,Finanças Públicas e Orçamento;Saúde,NA,NA
369,congresso-remoto,Congresso remoto,NA,NA,"Agricultura, Pecuária, Pesca e Extrativismo;Previdência e Assistência Social;Saúde",NA,NA
370,congresso-remoto,Congresso remoto,NA,NA,Direito Penal e Processual Penal;Saúde,NA,NA
371,congresso-remoto,Congresso remoto,NA,NA,Finanças Públicas e Orçamento;Saúde,NA,NA
372,congresso-remoto,Congresso remoto,NA,NA,Direito e Defesa do Consumidor;Economia;Saúde,NA,NA
373,congresso-remoto,Congresso remoto,NA,NA,Previdência e Assistência Social;Saúde,NA,NA
374,congresso-remoto,Congresso remoto,NA,NA,"Agricultura, Pecuária, Pesca e Extrativismo;Economia;Saúde",NA,NA
375,congresso-remoto,Congresso remoto,NA,NA,Administração Pública;Previdência e Assistência Social;Saúde,NA,NA
376,congresso-remoto,Congresso remoto,NA,NA,Administração Pública;Saúde,NA,NA
377,congresso-remoto,Congresso remoto,NA,NA,Direitos Humanos e Minorias;Saúde,NA,NA
378,congresso-remoto,Congresso remoto,NA,NA,Administração Pública;Comunicações;Direito e Defesa do Consumidor,NA,NA
379,congresso-remoto,Congresso remoto,NA,NA,Direito e Defesa do Consumidor;Saúde,NA,NA
380,congresso-remoto,Congresso remoto,NA,NA,Defesa e Segurança;Direito Penal e Processual Penal;Direitos Humanos e Minorias,NA,NA
381,congresso-remoto,Congresso remoto,NA,NA,"Saúde;Viação, Transporte e Mobilidade",NA,NA
382,congresso-remoto,Congresso remoto,NA,NA,"Agricultura, Pecuária, Pesca e Extrativismo;Saúde",NA,NA
383,congresso-remoto,Congresso remoto,NA,NA,"Finanças Públicas e Orçamento;Indústria, Comércio e Serviços;Saúde",NA,NA
384,congresso-remoto,Congresso remoto,NA,NA,Administração Pública;Economia;Previdência e Assistência Social,NA,NA
385,congresso-remoto,Congresso remoto,NA,NA,Homenagens e Datas Comemorativas;Saúde,NA,NA
386,congresso-remoto,Congresso remoto,NA,NA,Direitos Humanos e Minorias;Previdência e Assistência Social;Saúde,NA,NA
387,congresso-remoto,Congresso remoto,NA,NA,"Saúde;Viação, Transporte e Mobilidade",NA,NA
388,congresso-remoto,Congresso remoto,NA,NA,Direito Civil e Processual Civil;Saúde,NA,NA
389,congresso-remoto,Congresso remoto,NA,NA,Direitos Humanos e Minorias;Saúde,NA,NA
390,congresso-remoto,Congresso remoto,NA,NA,Previdência e Assistência Social;Saúde;Trabalho e Emprego,NA,NA
391,congresso-remoto,Congresso remoto,NA,NA,Cidades e Desenvolvimento Urbano;Previdência e Assistência Social;Saúde,NA,NA
392,congresso-remoto,Congresso remoto,NA,NA,Finanças Públicas e Orçamento;Saúde,NA,NA
393,congresso-remoto,Congresso remoto,NA,NA,Economia;Saúde,NA,NA
394,congresso-remoto,Congresso remoto,NA,NA,"Saúde;Viação, Transporte e Mobilidade",NA,NA
395,congresso-remoto,Congresso remoto,NA,NA,"Saúde;Trabalho e Emprego;Viação, Transporte e Mobilidade",NA,NA
396,congresso-remoto,Congresso remoto,NA,NA,Saúde;Trabalho e Emprego,NA,NA
397,congresso-remoto,Congresso remoto,NA,NA,Administração Pública;Finanças Públicas e Orçamento;Saúde,NA,NA
398,congresso-remoto,Congresso remoto,NA,NA,"Finanças Públicas e Orçamento;Indústria, Comércio e Serviços;Saúde",NA,NA
399,congresso-remoto,Congresso remoto,NA,NA,Comunicações;Saúde,NA,NA
400,congresso-remoto,Congresso remoto,NA,NA,Administração Pública;Finanças Públicas e Orçamento;Saúde,NA,NA
401,congresso-remoto,Congresso remoto,NA,NA,"Saúde;Trabalho e Emprego;Viação, Transporte e Mobilidade",NA,NA
402,congresso-remoto,Congresso remoto,NA,NA,Finanças Públicas e Orçamento;Saúde;Trabalho e Emprego,NA,NA
403,congresso-remoto,Congresso remoto,NA,NA,Cidades e Desenvolvimento Urbano;Direitos Humanos e Minorias;Saúde,NA,NA
404,congresso-remoto,Congresso remoto,NA,NA,"Agricultura, Pecuária, Pesca e Extrativismo;Saúde",NA,NA
405,congresso-remoto,Congresso remoto,NA,NA,"Ciência, Tecnologia e Inovação;Direito Civil e Processual Civil;Indústria, Comércio e Serviços",NA,NA
406,congresso-remoto,Congresso remoto,NA,NA,Saúde,NA,NA
407,congresso-remoto,Congresso remoto,NA,NA,Administração Pública;Saúde,NA,NA
408,congresso-remoto,Congresso remoto,NA,NA,Finanças Públicas e Orçamento;Saúde,NA,NA
409,congresso-remoto,Congresso remoto,NA,NA,Defesa e Segurança;Direitos Humanos e Minorias;Saúde,NA,NA
410,congresso-remoto,Congresso remoto,NA,NA,"Economia;Indústria, Comércio e Serviços;Saúde",NA,NA
411,congresso-remoto,Congresso remoto,NA,NA,"Agricultura, Pecuária, Pesca e Extrativismo;Direitos Humanos e Minorias;Finanças Públicas e Orçamento",NA,NA
412,congresso-remoto,Congresso remoto,NA,NA,Saúde;Trabalho e Emprego,NA,NA
413,congresso-remoto,Congresso remoto,NA,NA,Economia;Saúde,NA,NA
414,congresso-remoto,Congresso remoto,NA,NA,Economia;Saúde,NA,NA
415,congresso-remoto,Congresso remoto,NA,NA,Previdência e Assistência Social;Saúde,NA,NA
416,congresso-remoto,Congresso remoto,NA,NA,"Arte, Cultura e Religião;Direitos Humanos e Minorias;Esporte e Lazer",NA,NA
417,congresso-remoto,Congresso remoto,NA,NA,Administração Pública;Saúde,NA,NA
418,congresso-remoto,Congresso remoto,NA,NA,Finanças Públicas e Orçamento;Saúde,NA,NA
419,congresso-remoto,Congresso remoto,NA,NA,"Saúde;Viação, Transporte e Mobilidade",NA,NA
420,congresso-remoto,Congresso remoto,NA,NA,Educação;Saúde,NA,NA
421,congresso-remoto,Congresso remoto,NA,NA,Administração Pública;Finanças Públicas e Orçamento;Saúde,NA,NA
422,congresso-remoto,Congresso remoto,NA,NA,Saúde;Trabalho e Emprego,NA,NA
423,congresso-remoto,Congresso remoto,NA,NA,"Energia, Recursos Hídricos e Minerais;Saúde",NA,NA
424,congresso-remoto,Congresso remoto,NA,NA,Saúde;Trabalho e Emprego,NA,NA
425,congresso-remoto,Congresso remoto,NA,NA,"Agricultura, Pecuária, Pesca e Extrativismo;Finanças Públicas e Orçamento;Trabalho e Emprego",NA,NA
426,congresso-remoto,Congresso remoto,NA,NA,Administração Pública;Direito Civil e Processual Civil;Trabalho e Emprego,NA,NA
427,congresso-remoto,Congresso remoto,NA,NA,Direito e Defesa do Consumidor;Saúde,NA,NA
428,congresso-remoto,Congresso remoto,NA,NA,Direitos Humanos e Minorias;Previdência e Assistência Social;Saúde,NA,NA
429,congresso-remoto,Congresso remoto,NA,NA,Direitos Humanos e Minorias;Finanças Públicas e Orçamento;Saúde,NA,NA
430,congresso-remoto,Congresso remoto,NA,NA,Defesa e Segurança;Direitos Humanos e Minorias;Previdência e Assistência Social,NA,NA
431,congresso-remoto,Congresso remoto,NA,NA,"Indústria, Comércio e Serviços;Saúde",NA,NA
432,congresso-remoto,Congresso remoto,NA,NA,"Defesa e Segurança;Saúde;Viação, Transporte e Mobilidade",NA,NA
433,congresso-remoto,Congresso remoto,NA,NA,Administração Pública;Defesa e Segurança;Saúde,NA,NA
434,congresso-remoto,Congresso remoto,NA,NA,Direitos Humanos e Minorias;Previdência e Assistência Social;Saúde,NA,NA
435,congresso-remoto,Congresso remoto,NA,NA,Saúde;Trabalho e Emprego,NA,NA
436,congresso-remoto,Congresso remoto,NA,NA,Administração Pública;Educação;Saúde,NA,NA
437,congresso-remoto,Congresso remoto,NA,NA,Finanças Públicas e Orçamento;Saúde,NA,NA
438,congresso-remoto,Congresso remoto,NA,NA,Administração Pública;Saúde,NA,NA
439,congresso-remoto,Congresso remoto,NA,NA,"Agricultura, Pecuária, Pesca e Extrativismo;Economia;Saúde",NA,NA
440,congresso-remoto,Congresso remoto,NA,NA,Direito e Defesa do Consumidor;Economia;Finanças Públicas e Orçamento,NA,NA
441,congresso-remoto,Congresso remoto,NA,NA,Educação;Saúde,NA,NA
442,congresso-remoto,Congresso remoto,NA,NA,Saúde;Trabalho e Emprego,NA,NA
443,congresso-remoto,Congresso remoto,NA,NA,Administração Pública;Direitos Humanos e Minorias;Saúde,NA,NA
444,congresso-remoto,Congresso remoto,NA,NA,"Energia, Recursos Hídricos e Minerais;Finanças Públicas e Orçamento;Saúde",NA,NA
445,congresso-remoto,Congresso remoto,NA,NA,Saúde,NA,NA
446,congresso-remoto,Congresso remoto,NA,NA,"Indústria, Comércio e Serviços;Saúde;Trabalho e Emprego",NA,NA
447,congresso-remoto,Congresso remoto,NA,NA,"Economia;Indústria, Comércio e Serviços;Saúde",NA,NA
448,congresso-remoto,Congresso remoto,NA,NA,Administração Pública;Saúde;Trabalho e Emprego,NA,NA
449,congresso-remoto,Congresso remoto,NA,NA,Direitos Humanos e Minorias;Previdência e Assistência Social;Saúde,NA,NA
450,congresso-remoto,Congresso remoto,NA,NA,"Agricultura, Pecuária, Pesca e Extrativismo;Educação;Saúde",NA,NA
451,congresso-remoto,Congresso remoto,NA,NA,"Energia, Recursos Hídricos e Minerais;Indústria, Comércio e Serviços",NA,NA
452,congresso-remoto,Congresso remoto,NA,NA,"Energia, Recursos Hídricos e Minerais;Saúde",NA,NA
453,congresso-remoto,Congresso remoto,NA,NA,"Administração Pública;Energia, Recursos Hídricos e Minerais;Finanças Públicas e Orçamento",NA,NA
454,congresso-remoto,Congresso remoto,NA,NA,"Agricultura, Pecuária, Pesca e Extrativismo;Direitos Humanos e Minorias;Economia",NA,NA
455,congresso-remoto,Congresso remoto,NA,NA,Finanças Públicas e Orçamento;Saúde,NA,NA
456,congresso-remoto,Congresso remoto,NA,NA,Economia;Saúde,NA,NA
457,congresso-remoto,Congresso remoto,NA,NA,Economia;Saúde;Trabalho e Emprego,NA,NA
458,congresso-remoto,Congresso remoto,NA,NA,"Agricultura, Pecuária, Pesca e Extrativismo;Saúde",NA,NA
459,congresso-remoto,Congresso remoto,NA,NA,"Economia;Energia, Recursos Hídricos e Minerais",NA,NA
460,congresso-remoto,Congresso remoto,NA,NA,"Saúde;Viação, Transporte e Mobilidade",NA,NA
461,congresso-remoto,Congresso remoto,NA,NA,"Finanças Públicas e Orçamento;Indústria, Comércio e Serviços;Saúde",NA,NA
462,congresso-remoto,Congresso remoto,NA,NA,"Agricultura, Pecuária, Pesca e Extrativismo;Finanças Públicas e Orçamento;Saúde",NA,NA
463,congresso-remoto,Congresso remoto,NA,NA,"Agricultura, Pecuária, Pesca e Extrativismo;Finanças Públicas e Orçamento;Saúde",NA,NA
464,congresso-remoto,Congresso remoto,NA,NA,"Agricultura, Pecuária, Pesca e Extrativismo;Indústria, Comércio e Serviços;Saúde",NA,NA
465,congresso-remoto,Congresso remoto,NA,NA,"Direito e Defesa do Consumidor;Indústria, Comércio e Serviços;Trabalho e Emprego",NA,NA
466,congresso-remoto,Congresso remoto,NA,NA,Defesa e Segurança;Direitos Humanos e Minorias;Saúde,NA,NA
467,congresso-remoto,Congresso remoto,NA,NA,Finanças Públicas e Orçamento;Saúde;Trabalho e Emprego,NA,NA
468,congresso-remoto,Congresso remoto,NA,NA,Direito e Defesa do Consumidor;Direitos Humanos e Minorias;Saúde,NA,NA
469,congresso-remoto,Congresso remoto,NA,NA,Direito Penal e Processual Penal;Saúde,NA,NA
470,congresso-remoto,Congresso remoto,NA,NA,"Direitos Humanos e Minorias;Indústria, Comércio e Serviços;Saúde",NA,NA
471,congresso-remoto,Congresso remoto,NA,NA,"Administração Pública;Indústria, Comércio e Serviços;Saúde",NA,NA
472,congresso-remoto,Congresso remoto,NA,NA,Saúde,NA,NA
473,congresso-remoto,Congresso remoto,NA,NA,Finanças Públicas e Orçamento;Saúde,NA,NA
474,congresso-remoto,Congresso remoto,NA,NA,Economia;Finanças Públicas e Orçamento;Saúde,NA,NA
475,congresso-remoto,Congresso remoto,NA,NA,Saúde;Trabalho e Emprego,NA,NA
476,congresso-remoto,Congresso remoto,NA,NA,Cidades e Desenvolvimento Urbano;Direitos Humanos e Minorias;Saúde,NA,NA
477,congresso-remoto,Congresso remoto,NA,NA,Comunicações;Educação,NA,NA
478,congresso-remoto,Congresso remoto,NA,NA,Direito e Defesa do Consumidor;Educação,NA,NA
479,congresso-remoto,Congresso remoto,NA,NA,Direito e Defesa do Consumidor;Saúde,NA,NA
480,congresso-remoto,Congresso remoto,NA,NA,Saúde;Trabalho e Emprego,NA,NA
481,congresso-remoto,Congresso remoto,NA,NA,Direitos Humanos e Minorias;Saúde,NA,NA
482,congresso-remoto,Congresso remoto,NA,NA,Saúde;Trabalho e Emprego,NA,NA
483,congresso-remoto,Congresso remoto,NA,NA,Direitos Humanos e Minorias;Saúde,NA,NA
484,congresso-remoto,Congresso remoto,NA,NA,Previdência e Assistência Social;Saúde,NA,NA
485,congresso-remoto,Congresso remoto,NA,NA,"Administração Pública;Ciência, Tecnologia e Inovação;Educação",NA,NA
486,congresso-remoto,Congresso remoto,NA,NA,Cidades e Desenvolvimento Urbano;Economia;Saúde,NA,NA
487,congresso-remoto,Congresso remoto,NA,NA,Saúde;Trabalho e Emprego,NA,NA
488,congresso-remoto,Congresso remoto,NA,NA,Direito e Defesa do Consumidor;Saúde,NA,NA
489,congresso-remoto,Congresso remoto,NA,NA,Administração Pública;Direitos Humanos e Minorias;Finanças Públicas e Orçamento,NA,NA
490,congresso-remoto,Congresso remoto,NA,NA,"Direito e Defesa do Consumidor;Energia, Recursos Hídricos e Minerais",NA,NA
491,congresso-remoto,Congresso remoto,NA,NA,Cidades e Desenvolvimento Urbano;Economia;Saúde,NA,NA
492,congresso-remoto,Congresso remoto,NA,NA,Saúde,NA,NA
493,congresso-remoto,Congresso remoto,NA,NA,Administração Pública;Finanças Públicas e Orçamento;Saúde,NA,NA
494,congresso-remoto,Congresso remoto,NA,NA,Defesa e Segurança;Saúde,NA,NA
495,congresso-remoto,Congresso remoto,NA,NA,Administração Pública;Finanças Públicas e Orçamento;Saúde,NA,NA
496,congresso-remoto,Congresso remoto,NA,NA,Administração Pública;Saúde,NA,NA
497,congresso-remoto,Congresso remoto,NA,NA,"Energia, Recursos Hídricos e Minerais;Saúde",NA,NA
498,congresso-remoto,Congresso remoto,NA,NA,Direitos Humanos e Minorias;Saúde;Trabalho e Emprego,NA,NA
499,congresso-remoto,Congresso remoto,NA,NA,Direitos Humanos e Minorias;Economia;Finanças Públicas e Orçamento,NA,NA
500,congresso-remoto,Congresso remoto,NA,NA,Administração Pública;Direito Penal e Processual Penal;Finanças Públicas e Orçamento,NA,NA
501,congresso-remoto,Congresso remoto,NA,NA,"Economia;Indústria, Comércio e Serviços;Saúde",NA,NA
502,congresso-remoto,Congresso remoto,NA,NA,Saúde,NA,NA
503,congresso-remoto,Congresso remoto,NA,NA,Direitos Humanos e Minorias;Finanças Públicas e Orçamento;Previdência e Assistência Social,NA,NA
504,congresso-remoto,Congresso remoto,NA,NA,Esporte e Lazer;Finanças Públicas e Orçamento,NA,NA
505,congresso-remoto,Congresso remoto,NA,NA,"Administração Pública;Direito Civil e Processual Civil;Indústria, Comércio e Serviços",NA,NA
506,congresso-remoto,Congresso remoto,NA,NA,Comunicações;Direito Penal e Processual Penal;Saúde,NA,NA
507,congresso-remoto,Congresso remoto,NA,NA,Cidades e Desenvolvimento Urbano;Economia;Saúde,NA,NA
508,congresso-remoto,Congresso remoto,NA,NA,Direitos Humanos e Minorias;Saúde,NA,NA
509,congresso-remoto,Congresso remoto,NA,NA,"Finanças Públicas e Orçamento;Trabalho e Emprego;Viação, Transporte e Mobilidade",NA,NA
510,congresso-remoto,Congresso remoto,NA,NA,Defesa e Segurança;Direitos Humanos e Minorias;Previdência e Assistência Social,NA,NA
511,congresso-remoto,Congresso remoto,NA,NA,Administração Pública;Comunicações;Direito e Defesa do Consumidor,NA,NA
512,congresso-remoto,Congresso remoto,NA,NA,"Finanças Públicas e Orçamento;Indústria, Comércio e Serviços;Saúde",NA,NA
513,congresso-remoto,Congresso remoto,NA,NA,Administração Pública;Finanças Públicas e Orçamento;Saúde,NA,NA
514,congresso-remoto,Congresso remoto,NA,NA,Administração Pública;Direitos Humanos e Minorias;Finanças Públicas e Orçamento,NA,NA
515,congresso-remoto,Congresso remoto,NA,NA,Administração Pública;Finanças Públicas e Orçamento,NA,NA
516,congresso-remoto,Congresso remoto,NA,NA,Administração Pública;Direito Penal e Processual Penal,NA,NA
517,congresso-remoto,Congresso remoto,NA,NA,Homenagens e Datas Comemorativas,NA,NA
518,congresso-remoto,Congresso remoto,NA,NA,Administração Pública;Direito Civil e Processual Civil;Estrutura Fundiária,NA,NA
519,congresso-remoto,Congresso remoto,NA,NA,Educação,NA,NA
520,leggo,RAC,Novo Marco Legal de saneamento básico,NA,Meio Ambiente,NA,NA
520,congresso-remoto,Congresso remoto,NA,NA,Meio ambiente,NA,NA
521,congresso-remoto,Congresso remoto,NA,NA,NA,NA,NA
522,congresso-remoto,Congresso remoto,NA,NA,NA,NA,NA
524,congresso-remoto,Congresso remoto,NA,NA,Administração Pública;,NA,NA
525,congresso-remoto,Congresso remoto,NA,NA,Administração Pública;Finanças Públicas e Orçamento,NA,NA
526,congresso-remoto,Congresso remoto,NA,NA,Saúde;Direito e Defesa do Consumidor,NA,NA
527,congresso-remoto,Congresso remoto,NA,NA,Saúde;Direitos Humanos e Minorias,NA,NA
528,congresso-remoto,Congresso remoto,NA,NA,Direito Penal e Processual Penal,NA,NA
529,congresso-remoto,Congresso remoto,NA,NA,Administração Pública,NA,NA
530,congresso-remoto,Congresso remoto,NA,NA,Administração Pública,NA,NA
531,congresso-remoto,Congresso remoto,NA,NA,Saúde;Direito e Defesa do Consumidor,NA,NA
532,congresso-remoto,Congresso remoto,NA,NA,Administração Pública,NA,NA
533,congresso-remoto,Congresso remoto,NA,NA,Direitos Humanos e Minorias;Saúde;Direitos da Mulher,NA,NA
534,congresso-remoto,Congresso remoto,NA,NA,"Finanças Públicas e Orçamento;Agricultura, Pecuária, Pesca e Extrativismo",NA,NA
535,congresso-remoto,Congresso remoto,NA,NA,"Finanças Públicas e Orçamento;Agricultura, Pecuária, Pesca e Extrativismo",NA,NA
536,congresso-remoto,Congresso remoto,NA,NA,"Finanças Públicas e Orçamento;Agricultura, Pecuária, Pesca e Extrativismo;",NA,NA
537,congresso-remoto,Congresso remoto,NA,NA,"Finanças Públicas e Orçamento;Agricultura, Pecuária, Pesca e Extrativismo;",NA,NA
538,congresso-remoto,Congresso remoto,NA,NA,"Finanças Públicas e Orçamento;Agricultura, Pecuária, Pesca e Extrativismo;",NA,NA
539,congresso-remoto,Congresso remoto,NA,NA,Direitos Humanos e Minorias;Direitos da Mulher,NA,NA
540,congresso-remoto,Congresso remoto,NA,NA,Finanças e Tributação?,NA,NA
541,congresso-remoto,Congresso remoto,NA,NA,Administração Pública,NA,NA
542,congresso-remoto,Congresso remoto,NA,NA,Finanças e Tributação;Educação,NA,NA
543,congresso-remoto,Congresso remoto,NA,NA,Administração Pública;Esporte,NA,NA
544,congresso-remoto,Congresso remoto,NA,NA,Administração Pública;Direito Penal e Processual Penal,NA,NA
545,congresso-remoto,Congresso remoto,NA,NA,Administração Pública;Direito Penal e Processual Penal,NA,NA
546,congresso-remoto,Congresso remoto,NA,NA,Administração Pública;Saúde,NA,NA
547,congresso-remoto,Congresso remoto,NA,NA,Administração Pública;Finanças Públicas e Orçamento;,NA,NA
548,congresso-remoto,Congresso remoto,NA,NA,Direitos Humanos e Minorias;Direitos da Mulher,NA,NA
549,congresso-remoto,Congresso remoto,NA,NA,"Finanças Públicas e Orçamento;Agricultura, Pecuária, Pesca e Extrativismo;",NA,NA
550,congresso-remoto,Congresso remoto,NA,NA,Administração Pública;Direito Penal e Processual Penal,NA,NA
551,congresso-remoto,Congresso remoto,NA,NA,Saúde;Direito e Defesa do Consumidor,NA,NA
552,congresso-remoto,Congresso remoto,NA,NA,Educação,NA,NA
553,congresso-remoto,Congresso remoto,NA,NA,Administração Pública;Direito Penal e Processual Penal,NA,NA
554,congresso-remoto,Congresso remoto,NA,NA,Administração Pública;Direito Penal e Processual Penal,NA,NA
555,congresso-remoto,Congresso remoto,NA,NA,Administração Pública;Direito Penal e Processual Penal,NA,NA
556,congresso-remoto,Congresso remoto,NA,NA,Administração Pública;Finanças Públicas e Orçamento;,NA,NA
557,congresso-remoto,Congresso remoto,NA,NA,"Finanças Públicas e Orçamento;Agricultura, Pecuária, Pesca e Extrativismo;",NA,NA
558,congresso-remoto,Congresso remoto,NA,NA,NA,NA,NA
559,congresso-remoto,Congresso remoto,NA,NA,Esporte,NA,NA
560,congresso-remoto,Congresso remoto,NA,NA,Finanças e Tributação,NA,NA
70,leggo,RAC,Lei Geral de Licenciamento Ambiental,NA,Meio Ambiente,NA,NA
