cargo,id_parlamentar,nome,partido,uf,situacao,sigla,casa,foto
NA,1,Eduardo Braga,MDB,AM,Titular,CAE,senado,http://www.senado.leg.br/senadores/img/fotos-oficiais/senador4994.jpg
NA,1,Renan Calheiros,MDB,AL,Suplente,CAE,senado,http://www.senado.leg.br/senadores/img/fotos-oficiais/senador70.jpg
NA,1,Mecias de Jesus,PRB,RR,Titular,CAE,senado,http://www.senado.leg.br/senadores/img/fotos-oficiais/senador6027.jpg
NA,1,Jader Barbalho,MDB,PA,Suplente,CAE,senado,http://www.senado.leg.br/senadores/img/fotos-oficiais/senador35.jpg
NA,1,Fernando Bezerra Coelho,MDB,PE,Titular,CAE,senado,http://www.senado.leg.br/senadores/img/fotos-oficiais/senador5540.jpg
NA,1,Dário Berger,MDB,SC,Suplente,CAE,senado,http://www.senado.leg.br/senadores/img/fotos-oficiais/senador5537.jpg
NA,1,Confúcio Moura,MDB,RO,Titular,CAE,senado,http://www.senado.leg.br/senadores/img/fotos-oficiais/senador475.jpg
NA,1,Marcelo Castro,MDB,PI,Suplente,CAE,senado,http://www.senado.leg.br/senadores/img/fotos-oficiais/senador742.jpg
NA,1,Luiz do Carmo,MDB,GO,Titular,CAE,senado,http://www.senado.leg.br/senadores/img/fotos-oficiais/senador5585.jpg
NA,1,Marcio Bittar,MDB,AC,Suplente,CAE,senado,http://www.senado.leg.br/senadores/img/fotos-oficiais/senador285.jpg
NA,1,Ciro Nogueira,PP,PI,Titular,CAE,senado,http://www.senado.leg.br/senadores/img/fotos-oficiais/senador739.jpg
NA,1,Esperidião Amin,PP,SC,Suplente,CAE,senado,http://www.senado.leg.br/senadores/img/fotos-oficiais/senador22.jpg
NA,1,Daniella Ribeiro,PP,PB,Titular,CAE,senado,http://www.senado.leg.br/senadores/img/fotos-oficiais/senador5998.jpg
NA,1,Vanderlan Cardoso,PP,GO,Suplente,CAE,senado,http://www.senado.leg.br/senadores/img/fotos-oficiais/senador5899.jpg
NA,2,José Serra,PSDB,SP,Titular,CAE,senado,http://www.senado.leg.br/senadores/img/fotos-oficiais/senador90.jpg
NA,2,Lasier Martins,PODE,RS,Suplente,CAE,senado,http://www.senado.leg.br/senadores/img/fotos-oficiais/senador5533.jpg
VICE-PRESIDENTE,2,Plínio Valério,PSDB,AM,Titular,CAE,senado,http://www.senado.leg.br/senadores/img/fotos-oficiais/senador5502.jpg
NA,2,Elmano Férrer,PODE,PI,Suplente,CAE,senado,http://www.senado.leg.br/senadores/img/fotos-oficiais/senador5531.jpg
NA,2,Tasso Jereissati,PSDB,CE,Titular,CAE,senado,http://www.senado.leg.br/senadores/img/fotos-oficiais/senador3396.jpg
NA,2,Oriovisto Guimarães,PODE,PR,Suplente,CAE,senado,http://www.senado.leg.br/senadores/img/fotos-oficiais/senador5924.jpg
NA,2,Rose de Freitas,PODE,ES,Titular,CAE,senado,http://www.senado.leg.br/senadores/img/fotos-oficiais/senador2331.jpg
NA,2,Major Olimpio,PSL,SP,Suplente,CAE,senado,http://www.senado.leg.br/senadores/img/fotos-oficiais/senador5666.jpg
NA,2,Styvenson Valentim,PODE,RN,Titular,CAE,senado,http://www.senado.leg.br/senadores/img/fotos-oficiais/senador5959.jpg
NA,2,Roberto Rocha,PSDB,MA,Suplente,CAE,senado,http://www.senado.leg.br/senadores/img/fotos-oficiais/senador677.jpg
NA,2,Flávio Bolsonaro,PSL,RJ,Titular,CAE,senado,http://www.senado.leg.br/senadores/img/fotos-oficiais/senador5894.jpg
NA,2,Izalci Lucas,PSDB,DF,Suplente,CAE,senado,http://www.senado.leg.br/senadores/img/fotos-oficiais/senador4770.jpg
NA,3,Jorge Kajuru,PSB,GO,Titular,CAE,senado,http://www.senado.leg.br/senadores/img/fotos-oficiais/senador5895.jpg
NA,3,Leila Barros,PSB,DF,Suplente,CAE,senado,http://www.senado.leg.br/senadores/img/fotos-oficiais/senador5979.jpg
NA,3,Veneziano Vital do Rêgo,PSB,PB,Titular,CAE,senado,http://www.senado.leg.br/senadores/img/fotos-oficiais/senador5748.jpg
NA,3,Acir Gurgacz,PDT,RO,Suplente,CAE,senado,http://www.senado.leg.br/senadores/img/fotos-oficiais/senador4981.jpg
NA,3,Kátia Abreu,PDT,TO,Titular,CAE,senado,http://www.senado.leg.br/senadores/img/fotos-oficiais/senador1249.jpg
NA,3,Eliziane Gama,PPS,MA,Suplente,CAE,senado,http://www.senado.leg.br/senadores/img/fotos-oficiais/senador5718.jpg
NA,3,Randolfe Rodrigues,REDE,AP,Titular,CAE,senado,http://www.senado.leg.br/senadores/img/fotos-oficiais/senador5012.jpg
NA,3,Cid Gomes,PDT,CE,Suplente,CAE,senado,http://www.senado.leg.br/senadores/img/fotos-oficiais/senador5973.jpg
NA,3,Alessandro Vieira,PPS,SE,Titular,CAE,senado,http://www.senado.leg.br/senadores/img/fotos-oficiais/senador5982.jpg
NA,3,    ,NA,NA,Suplente,CAE,senado,http://www.senado.leg.br/senadores/img/fotos-oficiais/senador.jpg
NA,4,Jean Paul Prates,PT,RN,Titular,CAE,senado,http://www.senado.leg.br/senadores/img/fotos-oficiais/senador5627.jpg
NA,4,Paulo Paim,PT,RS,Suplente,CAE,senado,http://www.senado.leg.br/senadores/img/fotos-oficiais/senador825.jpg
NA,4,Fernando Collor,PROS,AL,Titular,CAE,senado,http://www.senado.leg.br/senadores/img/fotos-oficiais/senador4525.jpg
NA,4,Jaques Wagner,PT,BA,Suplente,CAE,senado,http://www.senado.leg.br/senadores/img/fotos-oficiais/senador581.jpg
NA,4,Rogério Carvalho,PT,SE,Titular,CAE,senado,http://www.senado.leg.br/senadores/img/fotos-oficiais/senador5352.jpg
NA,4,Telmário Mota,PROS,RR,Suplente,CAE,senado,http://www.senado.leg.br/senadores/img/fotos-oficiais/senador5535.jpg
PRESIDENTE,5,Omar Aziz,PSD,AM,Titular,CAE,senado,http://www.senado.leg.br/senadores/img/fotos-oficiais/senador5525.jpg
NA,5,Angelo Coronel,PSD,BA,Suplente,CAE,senado,http://www.senado.leg.br/senadores/img/fotos-oficiais/senador5967.jpg
NA,5,Otto Alencar,PSD,BA,Titular,CAE,senado,http://www.senado.leg.br/senadores/img/fotos-oficiais/senador5523.jpg
NA,5,Lucas Barreto,PSD,AP,Suplente,CAE,senado,http://www.senado.leg.br/senadores/img/fotos-oficiais/senador5926.jpg
NA,5,Irajá,PSD,TO,Titular,CAE,senado,http://www.senado.leg.br/senadores/img/fotos-oficiais/senador5385.jpg
NA,5,Arolde de Oliveira,PSD,RJ,Suplente,CAE,senado,http://www.senado.leg.br/senadores/img/fotos-oficiais/senador751.jpg
NA,6,Rodrigo Pacheco,DEM,MG,Titular,CAE,senado,http://www.senado.leg.br/senadores/img/fotos-oficiais/senador5732.jpg
NA,6,Chico Rodrigues,DEM,RR,Suplente,CAE,senado,http://www.senado.leg.br/senadores/img/fotos-oficiais/senador470.jpg
NA,6,Marcos Rogério,DEM,RO,Titular,CAE,senado,http://www.senado.leg.br/senadores/img/fotos-oficiais/senador5422.jpg
NA,6,Zequinha Marinho,PSC,PA,Suplente,CAE,senado,http://www.senado.leg.br/senadores/img/fotos-oficiais/senador3806.jpg
NA,6,Wellington Fagundes,PR,MT,Titular,CAE,senado,http://www.senado.leg.br/senadores/img/fotos-oficiais/senador1173.jpg
NA,6,Jorginho Mello,PR,SC,Suplente,CAE,senado,http://www.senado.leg.br/senadores/img/fotos-oficiais/senador5350.jpg
NA,1,Renan Calheiros,MDB,AL,Titular,CAS,senado,http://www.senado.leg.br/senadores/img/fotos-oficiais/senador70.jpg
NA,1,Mecias de Jesus,PRB,RR,Suplente,CAS,senado,http://www.senado.leg.br/senadores/img/fotos-oficiais/senador6027.jpg
NA,1,Eduardo Gomes,MDB,TO,Titular,CAS,senado,http://www.senado.leg.br/senadores/img/fotos-oficiais/senador3777.jpg
NA,1,Fernando Bezerra Coelho,MDB,PE,Suplente,CAS,senado,http://www.senado.leg.br/senadores/img/fotos-oficiais/senador5540.jpg
NA,1,Marcelo Castro,MDB,PI,Titular,CAS,senado,http://www.senado.leg.br/senadores/img/fotos-oficiais/senador742.jpg
NA,1,Confúcio Moura,MDB,RO,Suplente,CAS,senado,http://www.senado.leg.br/senadores/img/fotos-oficiais/senador475.jpg
NA,1,Luiz do Carmo,MDB,GO,Titular,CAS,senado,http://www.senado.leg.br/senadores/img/fotos-oficiais/senador5585.jpg
NA,1,Mailza Gomes,PP,AC,Suplente,CAS,senado,http://www.senado.leg.br/senadores/img/fotos-oficiais/senador5557.jpg
NA,1,Luis Carlos Heinze,PP,RS,Titular,CAS,senado,http://www.senado.leg.br/senadores/img/fotos-oficiais/senador1186.jpg
NA,1,Vanderlan Cardoso,PP,GO,Suplente,CAS,senado,http://www.senado.leg.br/senadores/img/fotos-oficiais/senador5899.jpg
NA,2,Mara Gabrilli,PSDB,SP,Titular,CAS,senado,http://www.senado.leg.br/senadores/img/fotos-oficiais/senador5376.jpg
NA,2,Soraya Thronicke,PSL,MS,Suplente,CAS,senado,http://www.senado.leg.br/senadores/img/fotos-oficiais/senador5988.jpg
VICE-PRESIDENTE,2,Styvenson Valentim,PODE,RN,Titular,CAS,senado,http://www.senado.leg.br/senadores/img/fotos-oficiais/senador5959.jpg
NA,2,Eduardo Girão,PODE,CE,Suplente,CAS,senado,http://www.senado.leg.br/senadores/img/fotos-oficiais/senador5976.jpg
PRESIDENTE,2,Romário,PODE,RJ,Titular,CAS,senado,http://www.senado.leg.br/senadores/img/fotos-oficiais/senador5322.jpg
NA,2,Rose de Freitas,PODE,ES,Suplente,CAS,senado,http://www.senado.leg.br/senadores/img/fotos-oficiais/senador2331.jpg
NA,2,Selma Arruda,PSL,MT,Titular,CAS,senado,http://www.senado.leg.br/senadores/img/fotos-oficiais/senador5929.jpg
NA,2,    ,NA,NA,Suplente,CAS,senado,http://www.senado.leg.br/senadores/img/fotos-oficiais/senador.jpg
NA,3,Leila Barros,PSB,DF,Titular,CAS,senado,http://www.senado.leg.br/senadores/img/fotos-oficiais/senador5979.jpg
NA,3,Jorge Kajuru,PSB,GO,Suplente,CAS,senado,http://www.senado.leg.br/senadores/img/fotos-oficiais/senador5895.jpg
NA,3,Weverton,PDT,MA,Titular,CAS,senado,http://www.senado.leg.br/senadores/img/fotos-oficiais/senador5411.jpg
NA,3,Cid Gomes,PDT,CE,Suplente,CAS,senado,http://www.senado.leg.br/senadores/img/fotos-oficiais/senador5973.jpg
NA,3,Flávio Arns,REDE,PR,Titular,CAS,senado,http://www.senado.leg.br/senadores/img/fotos-oficiais/senador345.jpg
NA,3,Fabiano Contarato,REDE,ES,Suplente,CAS,senado,http://www.senado.leg.br/senadores/img/fotos-oficiais/senador5953.jpg
NA,3,Eliziane Gama,PPS,MA,Titular,CAS,senado,http://www.senado.leg.br/senadores/img/fotos-oficiais/senador5718.jpg
NA,3,Marcos do Val,PPS,ES,Suplente,CAS,senado,http://www.senado.leg.br/senadores/img/fotos-oficiais/senador5942.jpg
NA,4,Humberto Costa,PT,PE,Titular,CAS,senado,http://www.senado.leg.br/senadores/img/fotos-oficiais/senador5008.jpg
NA,4,Paulo Paim,PT,RS,Suplente,CAS,senado,http://www.senado.leg.br/senadores/img/fotos-oficiais/senador825.jpg
NA,4,Rogério Carvalho,PT,SE,Titular,CAS,senado,http://www.senado.leg.br/senadores/img/fotos-oficiais/senador5352.jpg
NA,4,Paulo Rocha,PT,PA,Suplente,CAS,senado,http://www.senado.leg.br/senadores/img/fotos-oficiais/senador374.jpg
NA,4,Zenaide Maia,PROS,RN,Titular,CAS,senado,http://www.senado.leg.br/senadores/img/fotos-oficiais/senador5783.jpg
NA,4,    ,NA,NA,Suplente,CAS,senado,http://www.senado.leg.br/senadores/img/fotos-oficiais/senador.jpg
NA,5,Nelsinho Trad,PSD,MS,Titular,CAS,senado,http://www.senado.leg.br/senadores/img/fotos-oficiais/senador5985.jpg
NA,5,Carlos Viana,PSD,MG,Suplente,CAS,senado,http://www.senado.leg.br/senadores/img/fotos-oficiais/senador5990.jpg
NA,5,Irajá,PSD,TO,Titular,CAS,senado,http://www.senado.leg.br/senadores/img/fotos-oficiais/senador5385.jpg
NA,5,Lucas Barreto,PSD,AP,Suplente,CAS,senado,http://www.senado.leg.br/senadores/img/fotos-oficiais/senador5926.jpg
NA,5,Otto Alencar,PSD,BA,Titular,CAS,senado,http://www.senado.leg.br/senadores/img/fotos-oficiais/senador5523.jpg
NA,5,Sérgio Petecão,PSD,AC,Suplente,CAS,senado,http://www.senado.leg.br/senadores/img/fotos-oficiais/senador4560.jpg
NA,6,Jayme Campos,DEM,MT,Titular,CAS,senado,http://www.senado.leg.br/senadores/img/fotos-oficiais/senador4531.jpg
NA,6,Zequinha Marinho,PSC,PA,Suplente,CAS,senado,http://www.senado.leg.br/senadores/img/fotos-oficiais/senador3806.jpg
NA,6,Maria do Carmo Alves,DEM,SE,Titular,CAS,senado,http://www.senado.leg.br/senadores/img/fotos-oficiais/senador1023.jpg
NA,6,Chico Rodrigues,DEM,RR,Suplente,CAS,senado,http://www.senado.leg.br/senadores/img/fotos-oficiais/senador470.jpg
NA,1,Eduardo Braga,MDB,AM,Titular,CCJ,senado,http://www.senado.leg.br/senadores/img/fotos-oficiais/senador4994.jpg
NA,1,Renan Calheiros,MDB,AL,Suplente,CCJ,senado,http://www.senado.leg.br/senadores/img/fotos-oficiais/senador70.jpg
PRESIDENTE,1,Simone Tebet,MDB,MS,Titular,CCJ,senado,http://www.senado.leg.br/senadores/img/fotos-oficiais/senador5527.jpg
NA,1,Fernando Bezerra Coelho,MDB,PE,Suplente,CCJ,senado,http://www.senado.leg.br/senadores/img/fotos-oficiais/senador5540.jpg
NA,1,Mecias de Jesus,PRB,RR,Titular,CCJ,senado,http://www.senado.leg.br/senadores/img/fotos-oficiais/senador6027.jpg
NA,1,Marcio Bittar,MDB,AC,Suplente,CCJ,senado,http://www.senado.leg.br/senadores/img/fotos-oficiais/senador285.jpg
NA,1,Jader Barbalho,MDB,PA,Titular,CCJ,senado,http://www.senado.leg.br/senadores/img/fotos-oficiais/senador35.jpg
NA,1,Marcelo Castro,MDB,PI,Suplente,CCJ,senado,http://www.senado.leg.br/senadores/img/fotos-oficiais/senador742.jpg
NA,1,José Maranhão,MDB,PB,Titular,CCJ,senado,http://www.senado.leg.br/senadores/img/fotos-oficiais/senador3361.jpg
NA,1,Dário Berger,MDB,SC,Suplente,CCJ,senado,http://www.senado.leg.br/senadores/img/fotos-oficiais/senador5537.jpg
NA,1,Ciro Nogueira,PP,PI,Titular,CCJ,senado,http://www.senado.leg.br/senadores/img/fotos-oficiais/senador739.jpg
NA,1,Daniella Ribeiro,PP,PB,Suplente,CCJ,senado,http://www.senado.leg.br/senadores/img/fotos-oficiais/senador5998.jpg
NA,1,Esperidião Amin,PP,SC,Titular,CCJ,senado,http://www.senado.leg.br/senadores/img/fotos-oficiais/senador22.jpg
NA,1,Luis Carlos Heinze,PP,RS,Suplente,CCJ,senado,http://www.senado.leg.br/senadores/img/fotos-oficiais/senador1186.jpg
NA,2,Antonio Anastasia,PSDB,MG,Titular,CCJ,senado,http://www.senado.leg.br/senadores/img/fotos-oficiais/senador5529.jpg
NA,2,José Serra,PSDB,SP,Suplente,CCJ,senado,http://www.senado.leg.br/senadores/img/fotos-oficiais/senador90.jpg
NA,2,Tasso Jereissati,PSDB,CE,Titular,CCJ,senado,http://www.senado.leg.br/senadores/img/fotos-oficiais/senador3396.jpg
NA,2,Roberto Rocha,PSDB,MA,Suplente,CCJ,senado,http://www.senado.leg.br/senadores/img/fotos-oficiais/senador677.jpg
NA,2,Elmano Férrer,PODE,PI,Titular,CCJ,senado,http://www.senado.leg.br/senadores/img/fotos-oficiais/senador5531.jpg
NA,2,Rodrigo Cunha,PSDB,AL,Suplente,CCJ,senado,http://www.senado.leg.br/senadores/img/fotos-oficiais/senador5905.jpg
NA,2,Oriovisto Guimarães,PODE,PR,Titular,CCJ,senado,http://www.senado.leg.br/senadores/img/fotos-oficiais/senador5924.jpg
NA,2,Lasier Martins,PODE,RS,Suplente,CCJ,senado,http://www.senado.leg.br/senadores/img/fotos-oficiais/senador5533.jpg
NA,2,Rose de Freitas,PODE,ES,Titular,CCJ,senado,http://www.senado.leg.br/senadores/img/fotos-oficiais/senador2331.jpg
NA,2,Major Olimpio,PSL,SP,Suplente,CCJ,senado,http://www.senado.leg.br/senadores/img/fotos-oficiais/senador5666.jpg
NA,2,Selma Arruda,PSL,MT,Titular,CCJ,senado,http://www.senado.leg.br/senadores/img/fotos-oficiais/senador5929.jpg
NA,2,Flávio Bolsonaro,PSL,RJ,Suplente,CCJ,senado,http://www.senado.leg.br/senadores/img/fotos-oficiais/senador5894.jpg
NA,3,Veneziano Vital do Rêgo,PSB,PB,Titular,CCJ,senado,http://www.senado.leg.br/senadores/img/fotos-oficiais/senador5748.jpg
NA,3,Jorge Kajuru,PSB,GO,Suplente,CCJ,senado,http://www.senado.leg.br/senadores/img/fotos-oficiais/senador5895.jpg
NA,3,Cid Gomes,PDT,CE,Titular,CCJ,senado,http://www.senado.leg.br/senadores/img/fotos-oficiais/senador5973.jpg
NA,3,Marcos do Val,PPS,ES,Suplente,CCJ,senado,http://www.senado.leg.br/senadores/img/fotos-oficiais/senador5942.jpg
NA,3,Fabiano Contarato,REDE,ES,Titular,CCJ,senado,http://www.senado.leg.br/senadores/img/fotos-oficiais/senador5953.jpg
NA,3,Randolfe Rodrigues,REDE,AP,Suplente,CCJ,senado,http://www.senado.leg.br/senadores/img/fotos-oficiais/senador5012.jpg
NA,3,Alessandro Vieira,PPS,SE,Titular,CCJ,senado,http://www.senado.leg.br/senadores/img/fotos-oficiais/senador5982.jpg
NA,3,Acir Gurgacz,PDT,RO,Suplente,CCJ,senado,http://www.senado.leg.br/senadores/img/fotos-oficiais/senador4981.jpg
NA,3,Weverton,PDT,MA,Titular,CCJ,senado,http://www.senado.leg.br/senadores/img/fotos-oficiais/senador5411.jpg
NA,3,Leila Barros,PSB,DF,Suplente,CCJ,senado,http://www.senado.leg.br/senadores/img/fotos-oficiais/senador5979.jpg
NA,4,Humberto Costa,PT,PE,Titular,CCJ,senado,http://www.senado.leg.br/senadores/img/fotos-oficiais/senador5008.jpg
NA,4,Telmário Mota,PROS,RR,Suplente,CCJ,senado,http://www.senado.leg.br/senadores/img/fotos-oficiais/senador5535.jpg
NA,4,Fernando Collor,PROS,AL,Titular,CCJ,senado,http://www.senado.leg.br/senadores/img/fotos-oficiais/senador4525.jpg
NA,4,Jaques Wagner,PT,BA,Suplente,CCJ,senado,http://www.senado.leg.br/senadores/img/fotos-oficiais/senador581.jpg
NA,4,Rogério Carvalho,PT,SE,Titular,CCJ,senado,http://www.senado.leg.br/senadores/img/fotos-oficiais/senador5352.jpg
NA,4,Paulo Rocha,PT,PA,Suplente,CCJ,senado,http://www.senado.leg.br/senadores/img/fotos-oficiais/senador374.jpg
NA,5,Otto Alencar,PSD,BA,Titular,CCJ,senado,http://www.senado.leg.br/senadores/img/fotos-oficiais/senador5523.jpg
NA,5,Sérgio Petecão,PSD,AC,Suplente,CCJ,senado,http://www.senado.leg.br/senadores/img/fotos-oficiais/senador4560.jpg
NA,5,Angelo Coronel,PSD,BA,Titular,CCJ,senado,http://www.senado.leg.br/senadores/img/fotos-oficiais/senador5967.jpg
NA,5,Nelsinho Trad,PSD,MS,Suplente,CCJ,senado,http://www.senado.leg.br/senadores/img/fotos-oficiais/senador5985.jpg
NA,5,Arolde de Oliveira,PSD,RJ,Titular,CCJ,senado,http://www.senado.leg.br/senadores/img/fotos-oficiais/senador751.jpg
NA,5,Carlos Viana,PSD,MG,Suplente,CCJ,senado,http://www.senado.leg.br/senadores/img/fotos-oficiais/senador5990.jpg
NA,6,Rodrigo Pacheco,DEM,MG,Titular,CCJ,senado,http://www.senado.leg.br/senadores/img/fotos-oficiais/senador5732.jpg
NA,6,Zequinha Marinho,PSC,PA,Suplente,CCJ,senado,http://www.senado.leg.br/senadores/img/fotos-oficiais/senador3806.jpg
NA,6,Marcos Rogério,DEM,RO,Titular,CCJ,senado,http://www.senado.leg.br/senadores/img/fotos-oficiais/senador5422.jpg
NA,6,Maria do Carmo Alves,DEM,SE,Suplente,CCJ,senado,http://www.senado.leg.br/senadores/img/fotos-oficiais/senador1023.jpg
VICE-PRESIDENTE,6,Jorginho Mello,PR,SC,Titular,CCJ,senado,http://www.senado.leg.br/senadores/img/fotos-oficiais/senador5350.jpg
NA,6,Wellington Fagundes,PR,MT,Suplente,CCJ,senado,http://www.senado.leg.br/senadores/img/fotos-oficiais/senador1173.jpg
NA,1,Renan Calheiros,MDB,AL,Titular,CE,senado,http://www.senado.leg.br/senadores/img/fotos-oficiais/senador70.jpg
NA,1,Eduardo Gomes,MDB,TO,Suplente,CE,senado,http://www.senado.leg.br/senadores/img/fotos-oficiais/senador3777.jpg
PRESIDENTE,1,Dário Berger,MDB,SC,Titular,CE,senado,http://www.senado.leg.br/senadores/img/fotos-oficiais/senador5537.jpg
NA,1,Eduardo Braga,MDB,AM,Suplente,CE,senado,http://www.senado.leg.br/senadores/img/fotos-oficiais/senador4994.jpg
NA,1,Confúcio Moura,MDB,RO,Titular,CE,senado,http://www.senado.leg.br/senadores/img/fotos-oficiais/senador475.jpg
NA,1,Daniella Ribeiro,PP,PB,Suplente,CE,senado,http://www.senado.leg.br/senadores/img/fotos-oficiais/senador5998.jpg
NA,1,Marcio Bittar,MDB,AC,Titular,CE,senado,http://www.senado.leg.br/senadores/img/fotos-oficiais/senador285.jpg
NA,1,    ,NA,NA,Suplente,CE,senado,http://www.senado.leg.br/senadores/img/fotos-oficiais/senador.jpg
NA,1,Luiz do Carmo,MDB,GO,Titular,CE,senado,http://www.senado.leg.br/senadores/img/fotos-oficiais/senador5585.jpg
NA,1,    ,NA,NA,Suplente,CE,senado,http://www.senado.leg.br/senadores/img/fotos-oficiais/senador.jpg
NA,1,Mailza Gomes,PP,AC,Titular,CE,senado,http://www.senado.leg.br/senadores/img/fotos-oficiais/senador5557.jpg
NA,1,    ,NA,NA,Suplente,CE,senado,http://www.senado.leg.br/senadores/img/fotos-oficiais/senador.jpg
NA,1,VAGO,NA,NA,Titular,CE,senado,http://www.senado.leg.br/senadores/img/fotos-oficiais/senador.jpg
NA,1,    ,NA,NA,Suplente,CE,senado,http://www.senado.leg.br/senadores/img/fotos-oficiais/senador.jpg
NA,2,Izalci Lucas,PSDB,DF,Titular,CE,senado,http://www.senado.leg.br/senadores/img/fotos-oficiais/senador4770.jpg
NA,2,Plínio Valério,PSDB,AM,Suplente,CE,senado,http://www.senado.leg.br/senadores/img/fotos-oficiais/senador5502.jpg
NA,2,Styvenson Valentim,PODE,RN,Titular,CE,senado,http://www.senado.leg.br/senadores/img/fotos-oficiais/senador5959.jpg
NA,2,Rodrigo Cunha,PSDB,AL,Suplente,CE,senado,http://www.senado.leg.br/senadores/img/fotos-oficiais/senador5905.jpg
NA,2,Lasier Martins,PODE,RS,Titular,CE,senado,http://www.senado.leg.br/senadores/img/fotos-oficiais/senador5533.jpg
NA,2,Romário,PODE,RJ,Suplente,CE,senado,http://www.senado.leg.br/senadores/img/fotos-oficiais/senador5322.jpg
NA,2,Eduardo Girão,PODE,CE,Titular,CE,senado,http://www.senado.leg.br/senadores/img/fotos-oficiais/senador5976.jpg
NA,2,Rose de Freitas,PODE,ES,Suplente,CE,senado,http://www.senado.leg.br/senadores/img/fotos-oficiais/senador2331.jpg
NA,2,Roberto Rocha,PSDB,MA,Titular,CE,senado,http://www.senado.leg.br/senadores/img/fotos-oficiais/senador677.jpg
NA,2,Soraya Thronicke,PSL,MS,Suplente,CE,senado,http://www.senado.leg.br/senadores/img/fotos-oficiais/senador5988.jpg
NA,2,    ,NA,NA,Titular,CE,senado,http://www.senado.leg.br/senadores/img/fotos-oficiais/senador.jpg
NA,2,    ,NA,NA,Suplente,CE,senado,http://www.senado.leg.br/senadores/img/fotos-oficiais/senador.jpg
NA,3,Leila Barros,PSB,DF,Titular,CE,senado,http://www.senado.leg.br/senadores/img/fotos-oficiais/senador5979.jpg
NA,3,Veneziano Vital do Rêgo,PSB,PB,Suplente,CE,senado,http://www.senado.leg.br/senadores/img/fotos-oficiais/senador5748.jpg
NA,3,Cid Gomes,PDT,CE,Titular,CE,senado,http://www.senado.leg.br/senadores/img/fotos-oficiais/senador5973.jpg
NA,3,Kátia Abreu,PDT,TO,Suplente,CE,senado,http://www.senado.leg.br/senadores/img/fotos-oficiais/senador1249.jpg
VICE-PRESIDENTE,3,Flávio Arns,REDE,PR,Titular,CE,senado,http://www.senado.leg.br/senadores/img/fotos-oficiais/senador345.jpg
NA,3,Fabiano Contarato,REDE,ES,Suplente,CE,senado,http://www.senado.leg.br/senadores/img/fotos-oficiais/senador5953.jpg
NA,3,Marcos do Val,PPS,ES,Titular,CE,senado,http://www.senado.leg.br/senadores/img/fotos-oficiais/senador5942.jpg
NA,3,    ,NA,NA,Suplente,CE,senado,http://www.senado.leg.br/senadores/img/fotos-oficiais/senador.jpg
NA,3,Alessandro Vieira,PPS,SE,Titular,CE,senado,http://www.senado.leg.br/senadores/img/fotos-oficiais/senador5982.jpg
NA,3,    ,NA,NA,Suplente,CE,senado,http://www.senado.leg.br/senadores/img/fotos-oficiais/senador.jpg
NA,4,Paulo Paim,PT,RS,Titular,CE,senado,http://www.senado.leg.br/senadores/img/fotos-oficiais/senador825.jpg
NA,4,Jean Paul Prates,PT,RN,Suplente,CE,senado,http://www.senado.leg.br/senadores/img/fotos-oficiais/senador5627.jpg
NA,4,Fernando Collor,PROS,AL,Titular,CE,senado,http://www.senado.leg.br/senadores/img/fotos-oficiais/senador4525.jpg
NA,4,Humberto Costa,PT,PE,Suplente,CE,senado,http://www.senado.leg.br/senadores/img/fotos-oficiais/senador5008.jpg
NA,4,Zenaide Maia,PROS,RN,Titular,CE,senado,http://www.senado.leg.br/senadores/img/fotos-oficiais/senador5783.jpg
NA,4,Paulo Rocha,PT,PA,Suplente,CE,senado,http://www.senado.leg.br/senadores/img/fotos-oficiais/senador374.jpg
NA,5,Angelo Coronel,PSD,BA,Titular,CE,senado,http://www.senado.leg.br/senadores/img/fotos-oficiais/senador5967.jpg
NA,5,Nelsinho Trad,PSD,MS,Suplente,CE,senado,http://www.senado.leg.br/senadores/img/fotos-oficiais/senador5985.jpg
NA,5,Carlos Viana,PSD,MG,Titular,CE,senado,http://www.senado.leg.br/senadores/img/fotos-oficiais/senador5990.jpg
NA,5,Arolde de Oliveira,PSD,RJ,Suplente,CE,senado,http://www.senado.leg.br/senadores/img/fotos-oficiais/senador751.jpg
NA,5,Sérgio Petecão,PSD,AC,Titular,CE,senado,http://www.senado.leg.br/senadores/img/fotos-oficiais/senador4560.jpg
NA,5,Irajá,PSD,TO,Suplente,CE,senado,http://www.senado.leg.br/senadores/img/fotos-oficiais/senador5385.jpg
NA,6,Jorginho Mello,PR,SC,Titular,CE,senado,http://www.senado.leg.br/senadores/img/fotos-oficiais/senador5350.jpg
NA,6,Zequinha Marinho,PSC,PA,Suplente,CE,senado,http://www.senado.leg.br/senadores/img/fotos-oficiais/senador3806.jpg
NA,6,Maria do Carmo Alves,DEM,SE,Titular,CE,senado,http://www.senado.leg.br/senadores/img/fotos-oficiais/senador1023.jpg
NA,6,    ,NA,NA,Suplente,CE,senado,http://www.senado.leg.br/senadores/img/fotos-oficiais/senador.jpg
NA,6,Wellington Fagundes,PR,MT,Titular,CE,senado,http://www.senado.leg.br/senadores/img/fotos-oficiais/senador1173.jpg
NA,6,    ,NA,NA,Suplente,CE,senado,http://www.senado.leg.br/senadores/img/fotos-oficiais/senador.jpg
NA,1,Jarbas Vasconcelos,MDB,PE,Titular,CMA,senado,http://www.senado.leg.br/senadores/img/fotos-oficiais/senador4545.jpg
NA,1,Marcio Bittar,MDB,AC,Suplente,CMA,senado,http://www.senado.leg.br/senadores/img/fotos-oficiais/senador285.jpg
NA,1,Confúcio Moura,MDB,RO,Titular,CMA,senado,http://www.senado.leg.br/senadores/img/fotos-oficiais/senador475.jpg
NA,1,Ciro Nogueira,PP,PI,Suplente,CMA,senado,http://www.senado.leg.br/senadores/img/fotos-oficiais/senador739.jpg
NA,1,Marcelo Castro,MDB,PI,Titular,CMA,senado,http://www.senado.leg.br/senadores/img/fotos-oficiais/senador742.jpg
NA,1,    ,NA,NA,Suplente,CMA,senado,http://www.senado.leg.br/senadores/img/fotos-oficiais/senador.jpg
NA,1,Luis Carlos Heinze,PP,RS,Titular,CMA,senado,http://www.senado.leg.br/senadores/img/fotos-oficiais/senador1186.jpg
NA,1,    ,NA,NA,Suplente,CMA,senado,http://www.senado.leg.br/senadores/img/fotos-oficiais/senador.jpg
NA,2,Plínio Valério,PSDB,AM,Titular,CMA,senado,http://www.senado.leg.br/senadores/img/fotos-oficiais/senador5502.jpg
NA,2,Major Olimpio,PSL,SP,Suplente,CMA,senado,http://www.senado.leg.br/senadores/img/fotos-oficiais/senador5666.jpg
NA,2,Soraya Thronicke,PSL,MS,Titular,CMA,senado,http://www.senado.leg.br/senadores/img/fotos-oficiais/senador5988.jpg
NA,2,Roberto Rocha,PSDB,MA,Suplente,CMA,senado,http://www.senado.leg.br/senadores/img/fotos-oficiais/senador677.jpg
NA,2,Lasier Martins,PODE,RS,Titular,CMA,senado,http://www.senado.leg.br/senadores/img/fotos-oficiais/senador5533.jpg
NA,2,Alvaro Dias,PODE,PR,Suplente,CMA,senado,http://www.senado.leg.br/senadores/img/fotos-oficiais/senador945.jpg
NA,2,    ,NA,NA,Titular,CMA,senado,http://www.senado.leg.br/senadores/img/fotos-oficiais/senador.jpg
NA,2,    ,NA,NA,Suplente,CMA,senado,http://www.senado.leg.br/senadores/img/fotos-oficiais/senador.jpg
NA,3,Leila Barros,PSB,DF,Titular,CMA,senado,http://www.senado.leg.br/senadores/img/fotos-oficiais/senador5979.jpg
NA,3,Randolfe Rodrigues,REDE,AP,Suplente,CMA,senado,http://www.senado.leg.br/senadores/img/fotos-oficiais/senador5012.jpg
NA,3,Marcos do Val,PPS,ES,Titular,CMA,senado,http://www.senado.leg.br/senadores/img/fotos-oficiais/senador5942.jpg
NA,3,Alessandro Vieira,PPS,SE,Suplente,CMA,senado,http://www.senado.leg.br/senadores/img/fotos-oficiais/senador5982.jpg
PRESIDENTE,3,Fabiano Contarato,REDE,ES,Titular,CMA,senado,http://www.senado.leg.br/senadores/img/fotos-oficiais/senador5953.jpg
NA,3,    ,NA,NA,Suplente,CMA,senado,http://www.senado.leg.br/senadores/img/fotos-oficiais/senador.jpg
VICE-PRESIDENTE,4,Jaques Wagner,PT,BA,Titular,CMA,senado,http://www.senado.leg.br/senadores/img/fotos-oficiais/senador581.jpg
NA,4,Jean Paul Prates,PT,RN,Suplente,CMA,senado,http://www.senado.leg.br/senadores/img/fotos-oficiais/senador5627.jpg
NA,4,Telmário Mota,PROS,RR,Titular,CMA,senado,http://www.senado.leg.br/senadores/img/fotos-oficiais/senador5535.jpg
NA,4,Paulo Rocha,PT,PA,Suplente,CMA,senado,http://www.senado.leg.br/senadores/img/fotos-oficiais/senador374.jpg
NA,5,Carlos Viana,PSD,MG,Titular,CMA,senado,http://www.senado.leg.br/senadores/img/fotos-oficiais/senador5990.jpg
NA,5,Lucas Barreto,PSD,AP,Suplente,CMA,senado,http://www.senado.leg.br/senadores/img/fotos-oficiais/senador5926.jpg
NA,5,Otto Alencar,PSD,BA,Titular,CMA,senado,http://www.senado.leg.br/senadores/img/fotos-oficiais/senador5523.jpg
NA,5,Sérgio Petecão,PSD,AC,Suplente,CMA,senado,http://www.senado.leg.br/senadores/img/fotos-oficiais/senador4560.jpg
NA,6,Jayme Campos,DEM,MT,Titular,CMA,senado,http://www.senado.leg.br/senadores/img/fotos-oficiais/senador4531.jpg
NA,6,Maria do Carmo Alves,DEM,SE,Suplente,CMA,senado,http://www.senado.leg.br/senadores/img/fotos-oficiais/senador1023.jpg
NA,6,Wellington Fagundes,PR,MT,Titular,CMA,senado,http://www.senado.leg.br/senadores/img/fotos-oficiais/senador1173.jpg
NA,6,Chico Rodrigues,DEM,RR,Suplente,CMA,senado,http://www.senado.leg.br/senadores/img/fotos-oficiais/senador470.jpg
NA,1,Jader Barbalho,MDB,PA,Titular,CDH,senado,http://www.senado.leg.br/senadores/img/fotos-oficiais/senador35.jpg
NA,1,Luiz do Carmo,MDB,GO,Suplente,CDH,senado,http://www.senado.leg.br/senadores/img/fotos-oficiais/senador5585.jpg
NA,1,    ,NA,NA,Titular,CDH,senado,http://www.senado.leg.br/senadores/img/fotos-oficiais/senador.jpg
NA,1,Mailza Gomes,PP,AC,Suplente,CDH,senado,http://www.senado.leg.br/senadores/img/fotos-oficiais/senador5557.jpg
NA,1,    ,NA,NA,Titular,CDH,senado,http://www.senado.leg.br/senadores/img/fotos-oficiais/senador.jpg
NA,1,    ,NA,NA,Suplente,CDH,senado,http://www.senado.leg.br/senadores/img/fotos-oficiais/senador.jpg
NA,1,    ,NA,NA,Titular,CDH,senado,http://www.senado.leg.br/senadores/img/fotos-oficiais/senador.jpg
NA,1,    ,NA,NA,Suplente,CDH,senado,http://www.senado.leg.br/senadores/img/fotos-oficiais/senador.jpg
NA,1,    ,NA,NA,Titular,CDH,senado,http://www.senado.leg.br/senadores/img/fotos-oficiais/senador.jpg
NA,1,    ,NA,NA,Suplente,CDH,senado,http://www.senado.leg.br/senadores/img/fotos-oficiais/senador.jpg
NA,2,Eduardo Girão,PODE,CE,Titular,CDH,senado,http://www.senado.leg.br/senadores/img/fotos-oficiais/senador5976.jpg
NA,2,Soraya Thronicke,PSL,MS,Suplente,CDH,senado,http://www.senado.leg.br/senadores/img/fotos-oficiais/senador5988.jpg
NA,2,Styvenson Valentim,PODE,RN,Titular,CDH,senado,http://www.senado.leg.br/senadores/img/fotos-oficiais/senador5959.jpg
NA,2,Romário,PODE,RJ,Suplente,CDH,senado,http://www.senado.leg.br/senadores/img/fotos-oficiais/senador5322.jpg
NA,2,Lasier Martins,PODE,RS,Titular,CDH,senado,http://www.senado.leg.br/senadores/img/fotos-oficiais/senador5533.jpg
NA,2,Rose de Freitas,PODE,ES,Suplente,CDH,senado,http://www.senado.leg.br/senadores/img/fotos-oficiais/senador2331.jpg
NA,2,Selma Arruda,PSL,MT,Titular,CDH,senado,http://www.senado.leg.br/senadores/img/fotos-oficiais/senador5929.jpg
NA,2,Mara Gabrilli,PSDB,SP,Suplente,CDH,senado,http://www.senado.leg.br/senadores/img/fotos-oficiais/senador5376.jpg
NA,3,Flávio Arns,REDE,PR,Titular,CDH,senado,http://www.senado.leg.br/senadores/img/fotos-oficiais/senador345.jpg
NA,3,Alessandro Vieira,PPS,SE,Suplente,CDH,senado,http://www.senado.leg.br/senadores/img/fotos-oficiais/senador5982.jpg
NA,3,Acir Gurgacz,PDT,RO,Titular,CDH,senado,http://www.senado.leg.br/senadores/img/fotos-oficiais/senador4981.jpg
NA,3,    ,NA,NA,Suplente,CDH,senado,http://www.senado.leg.br/senadores/img/fotos-oficiais/senador.jpg
NA,3,Leila Barros,PSB,DF,Titular,CDH,senado,http://www.senado.leg.br/senadores/img/fotos-oficiais/senador5979.jpg
NA,3,    ,NA,NA,Suplente,CDH,senado,http://www.senado.leg.br/senadores/img/fotos-oficiais/senador.jpg
PRESIDENTE,4,Paulo Paim,PT,RS,Titular,CDH,senado,http://www.senado.leg.br/senadores/img/fotos-oficiais/senador825.jpg
NA,4,Humberto Costa,PT,PE,Suplente,CDH,senado,http://www.senado.leg.br/senadores/img/fotos-oficiais/senador5008.jpg
VICE-PRESIDENTE,4,Telmário Mota,PROS,RR,Titular,CDH,senado,http://www.senado.leg.br/senadores/img/fotos-oficiais/senador5535.jpg
NA,4,Zenaide Maia,PROS,RN,Suplente,CDH,senado,http://www.senado.leg.br/senadores/img/fotos-oficiais/senador5783.jpg
NA,5,Arolde de Oliveira,PSD,RJ,Titular,CDH,senado,http://www.senado.leg.br/senadores/img/fotos-oficiais/senador751.jpg
NA,5,Sérgio Petecão,PSD,AC,Suplente,CDH,senado,http://www.senado.leg.br/senadores/img/fotos-oficiais/senador4560.jpg
NA,5,Nelsinho Trad,PSD,MS,Titular,CDH,senado,http://www.senado.leg.br/senadores/img/fotos-oficiais/senador5985.jpg
NA,5,Lucas Barreto,PSD,AP,Suplente,CDH,senado,http://www.senado.leg.br/senadores/img/fotos-oficiais/senador5926.jpg
NA,6,Marcos Rogério,DEM,RO,Titular,CDH,senado,http://www.senado.leg.br/senadores/img/fotos-oficiais/senador5422.jpg
NA,6,    ,NA,NA,Suplente,CDH,senado,http://www.senado.leg.br/senadores/img/fotos-oficiais/senador.jpg
NA,6,    ,NA,NA,Titular,CDH,senado,http://www.senado.leg.br/senadores/img/fotos-oficiais/senador.jpg
NA,6,    ,NA,NA,Suplente,CDH,senado,http://www.senado.leg.br/senadores/img/fotos-oficiais/senador.jpg
NA,1,Mecias de Jesus,PRB,RR,Titular,CRE,senado,http://www.senado.leg.br/senadores/img/fotos-oficiais/senador6027.jpg
NA,1,Renan Calheiros,MDB,AL,Suplente,CRE,senado,http://www.senado.leg.br/senadores/img/fotos-oficiais/senador70.jpg
NA,1,Jarbas Vasconcelos,MDB,PE,Titular,CRE,senado,http://www.senado.leg.br/senadores/img/fotos-oficiais/senador4545.jpg
NA,1,Fernando Bezerra Coelho,MDB,PE,Suplente,CRE,senado,http://www.senado.leg.br/senadores/img/fotos-oficiais/senador5540.jpg
NA,1,Marcio Bittar,MDB,AC,Titular,CRE,senado,http://www.senado.leg.br/senadores/img/fotos-oficiais/senador285.jpg
NA,1,Simone Tebet,MDB,MS,Suplente,CRE,senado,http://www.senado.leg.br/senadores/img/fotos-oficiais/senador5527.jpg
NA,1,Esperidião Amin,PP,SC,Titular,CRE,senado,http://www.senado.leg.br/senadores/img/fotos-oficiais/senador22.jpg
NA,1,Ciro Nogueira,PP,PI,Suplente,CRE,senado,http://www.senado.leg.br/senadores/img/fotos-oficiais/senador739.jpg
NA,1,Daniella Ribeiro,PP,PB,Titular,CRE,senado,http://www.senado.leg.br/senadores/img/fotos-oficiais/senador5998.jpg
NA,1,Vanderlan Cardoso,PP,GO,Suplente,CRE,senado,http://www.senado.leg.br/senadores/img/fotos-oficiais/senador5899.jpg
NA,2,Antonio Anastasia,PSDB,MG,Titular,CRE,senado,http://www.senado.leg.br/senadores/img/fotos-oficiais/senador5529.jpg
NA,2,Roberto Rocha,PSDB,MA,Suplente,CRE,senado,http://www.senado.leg.br/senadores/img/fotos-oficiais/senador677.jpg
NA,2,Mara Gabrilli,PSDB,SP,Titular,CRE,senado,http://www.senado.leg.br/senadores/img/fotos-oficiais/senador5376.jpg
NA,2,Oriovisto Guimarães,PODE,PR,Suplente,CRE,senado,http://www.senado.leg.br/senadores/img/fotos-oficiais/senador5924.jpg
NA,2,Romário,PODE,RJ,Titular,CRE,senado,http://www.senado.leg.br/senadores/img/fotos-oficiais/senador5322.jpg
NA,2,Flávio Bolsonaro,PSL,RJ,Suplente,CRE,senado,http://www.senado.leg.br/senadores/img/fotos-oficiais/senador5894.jpg
NA,2,Major Olimpio,PSL,SP,Titular,CRE,senado,http://www.senado.leg.br/senadores/img/fotos-oficiais/senador5666.jpg
NA,2,Soraya Thronicke,PSL,MS,Suplente,CRE,senado,http://www.senado.leg.br/senadores/img/fotos-oficiais/senador5988.jpg
NA,3,Kátia Abreu,PDT,TO,Titular,CRE,senado,http://www.senado.leg.br/senadores/img/fotos-oficiais/senador1249.jpg
NA,3,Acir Gurgacz,PDT,RO,Suplente,CRE,senado,http://www.senado.leg.br/senadores/img/fotos-oficiais/senador4981.jpg
NA,3,Randolfe Rodrigues,REDE,AP,Titular,CRE,senado,http://www.senado.leg.br/senadores/img/fotos-oficiais/senador5012.jpg
NA,3,Flávio Arns,REDE,PR,Suplente,CRE,senado,http://www.senado.leg.br/senadores/img/fotos-oficiais/senador345.jpg
VICE-PRESIDENTE,3,Marcos do Val,PPS,ES,Titular,CRE,senado,http://www.senado.leg.br/senadores/img/fotos-oficiais/senador5942.jpg
NA,3,Veneziano Vital do Rêgo,PSB,PB,Suplente,CRE,senado,http://www.senado.leg.br/senadores/img/fotos-oficiais/senador5748.jpg
NA,4,Fernando Collor,PROS,AL,Titular,CRE,senado,http://www.senado.leg.br/senadores/img/fotos-oficiais/senador4525.jpg
NA,4,Humberto Costa,PT,PE,Suplente,CRE,senado,http://www.senado.leg.br/senadores/img/fotos-oficiais/senador5008.jpg
NA,4,Jaques Wagner,PT,BA,Titular,CRE,senado,http://www.senado.leg.br/senadores/img/fotos-oficiais/senador581.jpg
NA,4,Telmário Mota,PROS,RR,Suplente,CRE,senado,http://www.senado.leg.br/senadores/img/fotos-oficiais/senador5535.jpg
PRESIDENTE,5,Nelsinho Trad,PSD,MS,Titular,CRE,senado,http://www.senado.leg.br/senadores/img/fotos-oficiais/senador5985.jpg
NA,5,Arolde de Oliveira,PSD,RJ,Suplente,CRE,senado,http://www.senado.leg.br/senadores/img/fotos-oficiais/senador751.jpg
NA,5,Angelo Coronel,PSD,BA,Titular,CRE,senado,http://www.senado.leg.br/senadores/img/fotos-oficiais/senador5967.jpg
NA,5,Carlos Viana,PSD,MG,Suplente,CRE,senado,http://www.senado.leg.br/senadores/img/fotos-oficiais/senador5990.jpg
NA,6,Chico Rodrigues,DEM,RR,Titular,CRE,senado,http://www.senado.leg.br/senadores/img/fotos-oficiais/senador470.jpg
NA,6,Marcos Rogério,DEM,RO,Suplente,CRE,senado,http://www.senado.leg.br/senadores/img/fotos-oficiais/senador5422.jpg
NA,6,Zequinha Marinho,PSC,PA,Titular,CRE,senado,http://www.senado.leg.br/senadores/img/fotos-oficiais/senador3806.jpg
NA,6,Maria do Carmo Alves,DEM,SE,Suplente,CRE,senado,http://www.senado.leg.br/senadores/img/fotos-oficiais/senador1023.jpg
NA,1,Eduardo Braga,MDB,AM,Titular,CI,senado,http://www.senado.leg.br/senadores/img/fotos-oficiais/senador4994.jpg
NA,1,Marcelo Castro,MDB,PI,Suplente,CI,senado,http://www.senado.leg.br/senadores/img/fotos-oficiais/senador742.jpg
NA,1,Jarbas Vasconcelos,MDB,PE,Titular,CI,senado,http://www.senado.leg.br/senadores/img/fotos-oficiais/senador4545.jpg
NA,1,Jader Barbalho,MDB,PA,Suplente,CI,senado,http://www.senado.leg.br/senadores/img/fotos-oficiais/senador35.jpg
NA,1,Eduardo Gomes,MDB,TO,Titular,CI,senado,http://www.senado.leg.br/senadores/img/fotos-oficiais/senador3777.jpg
NA,1,Luiz do Carmo,MDB,GO,Suplente,CI,senado,http://www.senado.leg.br/senadores/img/fotos-oficiais/senador5585.jpg
NA,1,Fernando Bezerra Coelho,MDB,PE,Titular,CI,senado,http://www.senado.leg.br/senadores/img/fotos-oficiais/senador5540.jpg
NA,1,Confúcio Moura,MDB,RO,Suplente,CI,senado,http://www.senado.leg.br/senadores/img/fotos-oficiais/senador475.jpg
NA,1,Esperidião Amin,PP,SC,Titular,CI,senado,http://www.senado.leg.br/senadores/img/fotos-oficiais/senador22.jpg
NA,1,    ,NA,NA,Suplente,CI,senado,http://www.senado.leg.br/senadores/img/fotos-oficiais/senador.jpg
NA,1,Vanderlan Cardoso,PP,GO,Titular,CI,senado,http://www.senado.leg.br/senadores/img/fotos-oficiais/senador5899.jpg
NA,1,    ,NA,NA,Suplente,CI,senado,http://www.senado.leg.br/senadores/img/fotos-oficiais/senador.jpg
NA,2,Plínio Valério,PSDB,AM,Titular,CI,senado,http://www.senado.leg.br/senadores/img/fotos-oficiais/senador5502.jpg
NA,2,José Serra,PSDB,SP,Suplente,CI,senado,http://www.senado.leg.br/senadores/img/fotos-oficiais/senador90.jpg
NA,2,Styvenson Valentim,PODE,RN,Titular,CI,senado,http://www.senado.leg.br/senadores/img/fotos-oficiais/senador5959.jpg
NA,2,Izalci Lucas,PSDB,DF,Suplente,CI,senado,http://www.senado.leg.br/senadores/img/fotos-oficiais/senador4770.jpg
NA,2,Elmano Férrer,PODE,PI,Titular,CI,senado,http://www.senado.leg.br/senadores/img/fotos-oficiais/senador5531.jpg
NA,2,Oriovisto Guimarães,PODE,PR,Suplente,CI,senado,http://www.senado.leg.br/senadores/img/fotos-oficiais/senador5924.jpg
NA,2,Flávio Bolsonaro,PSL,RJ,Titular,CI,senado,http://www.senado.leg.br/senadores/img/fotos-oficiais/senador5894.jpg
NA,2,Lasier Martins,PODE,RS,Suplente,CI,senado,http://www.senado.leg.br/senadores/img/fotos-oficiais/senador5533.jpg
NA,2,    ,NA,NA,Titular,CI,senado,http://www.senado.leg.br/senadores/img/fotos-oficiais/senador.jpg
NA,2,Selma Arruda,PSL,MT,Suplente,CI,senado,http://www.senado.leg.br/senadores/img/fotos-oficiais/senador5929.jpg
NA,3,Jorge Kajuru,PSB,GO,Titular,CI,senado,http://www.senado.leg.br/senadores/img/fotos-oficiais/senador5895.jpg
NA,3,Weverton,PDT,MA,Suplente,CI,senado,http://www.senado.leg.br/senadores/img/fotos-oficiais/senador5411.jpg
NA,3,Acir Gurgacz,PDT,RO,Titular,CI,senado,http://www.senado.leg.br/senadores/img/fotos-oficiais/senador4981.jpg
NA,3,Veneziano Vital do Rêgo,PSB,PB,Suplente,CI,senado,http://www.senado.leg.br/senadores/img/fotos-oficiais/senador5748.jpg
NA,3,Fabiano Contarato,REDE,ES,Titular,CI,senado,http://www.senado.leg.br/senadores/img/fotos-oficiais/senador5953.jpg
NA,3,Kátia Abreu,PDT,TO,Suplente,CI,senado,http://www.senado.leg.br/senadores/img/fotos-oficiais/senador1249.jpg
NA,3,Eliziane Gama,PPS,MA,Titular,CI,senado,http://www.senado.leg.br/senadores/img/fotos-oficiais/senador5718.jpg
NA,3,Alessandro Vieira,PPS,SE,Suplente,CI,senado,http://www.senado.leg.br/senadores/img/fotos-oficiais/senador5982.jpg
NA,4,Jean Paul Prates,PT,RN,Titular,CI,senado,http://www.senado.leg.br/senadores/img/fotos-oficiais/senador5627.jpg
NA,4,Paulo Rocha,PT,PA,Suplente,CI,senado,http://www.senado.leg.br/senadores/img/fotos-oficiais/senador374.jpg
NA,4,Jaques Wagner,PT,BA,Titular,CI,senado,http://www.senado.leg.br/senadores/img/fotos-oficiais/senador581.jpg
NA,4,Telmário Mota,PROS,RR,Suplente,CI,senado,http://www.senado.leg.br/senadores/img/fotos-oficiais/senador5535.jpg
NA,4,    ,NA,NA,Titular,CI,senado,http://www.senado.leg.br/senadores/img/fotos-oficiais/senador.jpg
NA,4,    ,NA,NA,Suplente,CI,senado,http://www.senado.leg.br/senadores/img/fotos-oficiais/senador.jpg
NA,5,Lucas Barreto,PSD,AP,Titular,CI,senado,http://www.senado.leg.br/senadores/img/fotos-oficiais/senador5926.jpg
NA,5,Angelo Coronel,PSD,BA,Suplente,CI,senado,http://www.senado.leg.br/senadores/img/fotos-oficiais/senador5967.jpg
NA,5,Carlos Viana,PSD,MG,Titular,CI,senado,http://www.senado.leg.br/senadores/img/fotos-oficiais/senador5990.jpg
NA,5,Nelsinho Trad,PSD,MS,Suplente,CI,senado,http://www.senado.leg.br/senadores/img/fotos-oficiais/senador5985.jpg
NA,5,Irajá,PSD,TO,Titular,CI,senado,http://www.senado.leg.br/senadores/img/fotos-oficiais/senador5385.jpg
NA,5,Sérgio Petecão,PSD,AC,Suplente,CI,senado,http://www.senado.leg.br/senadores/img/fotos-oficiais/senador4560.jpg
PRESIDENTE,6,Marcos Rogério,DEM,RO,Titular,CI,senado,http://www.senado.leg.br/senadores/img/fotos-oficiais/senador5422.jpg
NA,6,Jayme Campos,DEM,MT,Suplente,CI,senado,http://www.senado.leg.br/senadores/img/fotos-oficiais/senador4531.jpg
VICE-PRESIDENTE,6,Wellington Fagundes,PR,MT,Titular,CI,senado,http://www.senado.leg.br/senadores/img/fotos-oficiais/senador1173.jpg
NA,6,Zequinha Marinho,PSC,PA,Suplente,CI,senado,http://www.senado.leg.br/senadores/img/fotos-oficiais/senador3806.jpg
NA,1,Marcelo Castro,MDB,PI,Titular,CDR,senado,http://www.senado.leg.br/senadores/img/fotos-oficiais/senador742.jpg
NA,1,Eduardo Gomes,MDB,TO,Suplente,CDR,senado,http://www.senado.leg.br/senadores/img/fotos-oficiais/senador3777.jpg
NA,1,Dário Berger,MDB,SC,Titular,CDR,senado,http://www.senado.leg.br/senadores/img/fotos-oficiais/senador5537.jpg
NA,1,Fernando Bezerra Coelho,MDB,PE,Suplente,CDR,senado,http://www.senado.leg.br/senadores/img/fotos-oficiais/senador5540.jpg
NA,1,VAGO,NA,NA,Titular,CDR,senado,http://www.senado.leg.br/senadores/img/fotos-oficiais/senador.jpg
NA,1,    ,NA,NA,Suplente,CDR,senado,http://www.senado.leg.br/senadores/img/fotos-oficiais/senador.jpg
NA,1,    ,NA,NA,Titular,CDR,senado,http://www.senado.leg.br/senadores/img/fotos-oficiais/senador.jpg
NA,1,    ,NA,NA,Suplente,CDR,senado,http://www.senado.leg.br/senadores/img/fotos-oficiais/senador.jpg
PRESIDENTE,2,Izalci Lucas,PSDB,DF,Titular,CDR,senado,http://www.senado.leg.br/senadores/img/fotos-oficiais/senador4770.jpg
NA,2,Mara Gabrilli,PSDB,SP,Suplente,CDR,senado,http://www.senado.leg.br/senadores/img/fotos-oficiais/senador5376.jpg
NA,2,Plínio Valério,PSDB,AM,Titular,CDR,senado,http://www.senado.leg.br/senadores/img/fotos-oficiais/senador5502.jpg
NA,2,Rodrigo Cunha,PSDB,AL,Suplente,CDR,senado,http://www.senado.leg.br/senadores/img/fotos-oficiais/senador5905.jpg
NA,2,Soraya Thronicke,PSL,MS,Titular,CDR,senado,http://www.senado.leg.br/senadores/img/fotos-oficiais/senador5988.jpg
NA,2,Styvenson Valentim,PODE,RN,Suplente,CDR,senado,http://www.senado.leg.br/senadores/img/fotos-oficiais/senador5959.jpg
NA,2,Elmano Férrer,PODE,PI,Titular,CDR,senado,http://www.senado.leg.br/senadores/img/fotos-oficiais/senador5531.jpg
NA,2,Selma Arruda,PSL,MT,Suplente,CDR,senado,http://www.senado.leg.br/senadores/img/fotos-oficiais/senador5929.jpg
NA,3,Veneziano Vital do Rêgo,PSB,PB,Titular,CDR,senado,http://www.senado.leg.br/senadores/img/fotos-oficiais/senador5748.jpg
NA,3,Leila Barros,PSB,DF,Suplente,CDR,senado,http://www.senado.leg.br/senadores/img/fotos-oficiais/senador5979.jpg
NA,3,Randolfe Rodrigues,REDE,AP,Titular,CDR,senado,http://www.senado.leg.br/senadores/img/fotos-oficiais/senador5012.jpg
NA,3,Flávio Arns,REDE,PR,Suplente,CDR,senado,http://www.senado.leg.br/senadores/img/fotos-oficiais/senador345.jpg
NA,3,Eliziane Gama,PPS,MA,Titular,CDR,senado,http://www.senado.leg.br/senadores/img/fotos-oficiais/senador5718.jpg
NA,3,    ,NA,NA,Suplente,CDR,senado,http://www.senado.leg.br/senadores/img/fotos-oficiais/senador.jpg
NA,4,Jaques Wagner,PT,BA,Titular,CDR,senado,http://www.senado.leg.br/senadores/img/fotos-oficiais/senador581.jpg
NA,4,Jean Paul Prates,PT,RN,Suplente,CDR,senado,http://www.senado.leg.br/senadores/img/fotos-oficiais/senador5627.jpg
VICE-PRESIDENTE,4,Zenaide Maia,PROS,RN,Titular,CDR,senado,http://www.senado.leg.br/senadores/img/fotos-oficiais/senador5783.jpg
NA,4,Humberto Costa,PT,PE,Suplente,CDR,senado,http://www.senado.leg.br/senadores/img/fotos-oficiais/senador5008.jpg
NA,5,Lucas Barreto,PSD,AP,Titular,CDR,senado,http://www.senado.leg.br/senadores/img/fotos-oficiais/senador5926.jpg
NA,5,Angelo Coronel,PSD,BA,Suplente,CDR,senado,http://www.senado.leg.br/senadores/img/fotos-oficiais/senador5967.jpg
NA,5,Omar Aziz,PSD,AM,Titular,CDR,senado,http://www.senado.leg.br/senadores/img/fotos-oficiais/senador5525.jpg
NA,5,Otto Alencar,PSD,BA,Suplente,CDR,senado,http://www.senado.leg.br/senadores/img/fotos-oficiais/senador5523.jpg
NA,6,Chico Rodrigues,DEM,RR,Titular,CDR,senado,http://www.senado.leg.br/senadores/img/fotos-oficiais/senador470.jpg
NA,6,Jorginho Mello,PR,SC,Suplente,CDR,senado,http://www.senado.leg.br/senadores/img/fotos-oficiais/senador5350.jpg
NA,6,Zequinha Marinho,PSC,PA,Titular,CDR,senado,http://www.senado.leg.br/senadores/img/fotos-oficiais/senador3806.jpg
NA,6,    ,NA,NA,Suplente,CDR,senado,http://www.senado.leg.br/senadores/img/fotos-oficiais/senador.jpg
NA,1,Dário Berger,MDB,SC,Titular,CRA,senado,http://www.senado.leg.br/senadores/img/fotos-oficiais/senador5537.jpg
NA,1,Mecias de Jesus,PRB,RR,Suplente,CRA,senado,http://www.senado.leg.br/senadores/img/fotos-oficiais/senador6027.jpg
NA,1,Jader Barbalho,MDB,PA,Titular,CRA,senado,http://www.senado.leg.br/senadores/img/fotos-oficiais/senador35.jpg
NA,1,Esperidião Amin,PP,SC,Suplente,CRA,senado,http://www.senado.leg.br/senadores/img/fotos-oficiais/senador22.jpg
NA,1,José Maranhão,MDB,PB,Titular,CRA,senado,http://www.senado.leg.br/senadores/img/fotos-oficiais/senador3361.jpg
NA,1,Mailza Gomes,PP,AC,Suplente,CRA,senado,http://www.senado.leg.br/senadores/img/fotos-oficiais/senador5557.jpg
VICE-PRESIDENTE,1,Luis Carlos Heinze,PP,RS,Titular,CRA,senado,http://www.senado.leg.br/senadores/img/fotos-oficiais/senador1186.jpg
NA,1,Marcelo Castro,MDB,PI,Suplente,CRA,senado,http://www.senado.leg.br/senadores/img/fotos-oficiais/senador742.jpg
PRESIDENTE,2,Soraya Thronicke,PSL,MS,Titular,CRA,senado,http://www.senado.leg.br/senadores/img/fotos-oficiais/senador5988.jpg
NA,2,Mara Gabrilli,PSDB,SP,Suplente,CRA,senado,http://www.senado.leg.br/senadores/img/fotos-oficiais/senador5376.jpg
NA,2,Lasier Martins,PODE,RS,Titular,CRA,senado,http://www.senado.leg.br/senadores/img/fotos-oficiais/senador5533.jpg
NA,2,Rose de Freitas,PODE,ES,Suplente,CRA,senado,http://www.senado.leg.br/senadores/img/fotos-oficiais/senador2331.jpg
NA,2,Selma Arruda,PSL,MT,Titular,CRA,senado,http://www.senado.leg.br/senadores/img/fotos-oficiais/senador5929.jpg
NA,2,Eduardo Girão,PODE,CE,Suplente,CRA,senado,http://www.senado.leg.br/senadores/img/fotos-oficiais/senador5976.jpg
NA,2,Izalci Lucas,PSDB,DF,Titular,CRA,senado,http://www.senado.leg.br/senadores/img/fotos-oficiais/senador4770.jpg
NA,2,    ,NA,NA,Suplente,CRA,senado,http://www.senado.leg.br/senadores/img/fotos-oficiais/senador.jpg
NA,3,Acir Gurgacz,PDT,RO,Titular,CRA,senado,http://www.senado.leg.br/senadores/img/fotos-oficiais/senador4981.jpg
NA,3,Veneziano Vital do Rêgo,PSB,PB,Suplente,CRA,senado,http://www.senado.leg.br/senadores/img/fotos-oficiais/senador5748.jpg
NA,3,Kátia Abreu,PDT,TO,Titular,CRA,senado,http://www.senado.leg.br/senadores/img/fotos-oficiais/senador1249.jpg
NA,3,    ,NA,NA,Suplente,CRA,senado,http://www.senado.leg.br/senadores/img/fotos-oficiais/senador.jpg
NA,3,Eliziane Gama,PPS,MA,Titular,CRA,senado,http://www.senado.leg.br/senadores/img/fotos-oficiais/senador5718.jpg
NA,3,    ,NA,NA,Suplente,CRA,senado,http://www.senado.leg.br/senadores/img/fotos-oficiais/senador.jpg
NA,4,Jean Paul Prates,PT,RN,Titular,CRA,senado,http://www.senado.leg.br/senadores/img/fotos-oficiais/senador5627.jpg
NA,4,Telmário Mota,PROS,RR,Suplente,CRA,senado,http://www.senado.leg.br/senadores/img/fotos-oficiais/senador5535.jpg
NA,4,Paulo Rocha,PT,PA,Titular,CRA,senado,http://www.senado.leg.br/senadores/img/fotos-oficiais/senador374.jpg
NA,4,Zenaide Maia,PROS,RN,Suplente,CRA,senado,http://www.senado.leg.br/senadores/img/fotos-oficiais/senador5783.jpg
NA,5,Lucas Barreto,PSD,AP,Titular,CRA,senado,http://www.senado.leg.br/senadores/img/fotos-oficiais/senador5926.jpg
NA,5,Nelsinho Trad,PSD,MS,Suplente,CRA,senado,http://www.senado.leg.br/senadores/img/fotos-oficiais/senador5985.jpg
NA,5,Sérgio Petecão,PSD,AC,Titular,CRA,senado,http://www.senado.leg.br/senadores/img/fotos-oficiais/senador4560.jpg
NA,5,Otto Alencar,PSD,BA,Suplente,CRA,senado,http://www.senado.leg.br/senadores/img/fotos-oficiais/senador5523.jpg
NA,6,Chico Rodrigues,DEM,RR,Titular,CRA,senado,http://www.senado.leg.br/senadores/img/fotos-oficiais/senador470.jpg
NA,6,Zequinha Marinho,PSC,PA,Suplente,CRA,senado,http://www.senado.leg.br/senadores/img/fotos-oficiais/senador3806.jpg
NA,6,Jayme Campos,DEM,MT,Titular,CRA,senado,http://www.senado.leg.br/senadores/img/fotos-oficiais/senador4531.jpg
NA,6,Wellington Fagundes,PR,MT,Suplente,CRA,senado,http://www.senado.leg.br/senadores/img/fotos-oficiais/senador1173.jpg
NA,1,Renan Calheiros,MDB,AL,Titular,CCT,senado,http://www.senado.leg.br/senadores/img/fotos-oficiais/senador70.jpg
NA,1,Confúcio Moura,MDB,RO,Suplente,CCT,senado,http://www.senado.leg.br/senadores/img/fotos-oficiais/senador475.jpg
NA,1,Eduardo Gomes,MDB,TO,Titular,CCT,senado,http://www.senado.leg.br/senadores/img/fotos-oficiais/senador3777.jpg
NA,1,Dário Berger,MDB,SC,Suplente,CCT,senado,http://www.senado.leg.br/senadores/img/fotos-oficiais/senador5537.jpg
NA,1,Daniella Ribeiro,PP,PB,Titular,CCT,senado,http://www.senado.leg.br/senadores/img/fotos-oficiais/senador5998.jpg
NA,1,Luiz do Carmo,MDB,GO,Suplente,CCT,senado,http://www.senado.leg.br/senadores/img/fotos-oficiais/senador5585.jpg
PRESIDENTE,1,Vanderlan Cardoso,PP,GO,Titular,CCT,senado,http://www.senado.leg.br/senadores/img/fotos-oficiais/senador5899.jpg
NA,1,Ciro Nogueira,PP,PI,Suplente,CCT,senado,http://www.senado.leg.br/senadores/img/fotos-oficiais/senador739.jpg
NA,2,Izalci Lucas,PSDB,DF,Titular,CCT,senado,http://www.senado.leg.br/senadores/img/fotos-oficiais/senador4770.jpg
NA,2,Mara Gabrilli,PSDB,SP,Suplente,CCT,senado,http://www.senado.leg.br/senadores/img/fotos-oficiais/senador5376.jpg
NA,2,Rodrigo Cunha,PSDB,AL,Titular,CCT,senado,http://www.senado.leg.br/senadores/img/fotos-oficiais/senador5905.jpg
NA,2,Plínio Valério,PSDB,AM,Suplente,CCT,senado,http://www.senado.leg.br/senadores/img/fotos-oficiais/senador5502.jpg
NA,2,Oriovisto Guimarães,PODE,PR,Titular,CCT,senado,http://www.senado.leg.br/senadores/img/fotos-oficiais/senador5924.jpg
NA,2,Styvenson Valentim,PODE,RN,Suplente,CCT,senado,http://www.senado.leg.br/senadores/img/fotos-oficiais/senador5959.jpg
VICE-PRESIDENTE,2,Selma Arruda,PSL,MT,Titular,CCT,senado,http://www.senado.leg.br/senadores/img/fotos-oficiais/senador5929.jpg
NA,2,Major Olimpio,PSL,SP,Suplente,CCT,senado,http://www.senado.leg.br/senadores/img/fotos-oficiais/senador5666.jpg
NA,3,VAGO,NA,NA,Titular,CCT,senado,http://www.senado.leg.br/senadores/img/fotos-oficiais/senador.jpg
NA,3,Flávio Arns,REDE,PR,Suplente,CCT,senado,http://www.senado.leg.br/senadores/img/fotos-oficiais/senador345.jpg
NA,3,Marcos do Val,PPS,ES,Titular,CCT,senado,http://www.senado.leg.br/senadores/img/fotos-oficiais/senador5942.jpg
NA,3,Kátia Abreu,PDT,TO,Suplente,CCT,senado,http://www.senado.leg.br/senadores/img/fotos-oficiais/senador1249.jpg
NA,3,Weverton,PDT,MA,Titular,CCT,senado,http://www.senado.leg.br/senadores/img/fotos-oficiais/senador5411.jpg
NA,3,    ,NA,NA,Suplente,CCT,senado,http://www.senado.leg.br/senadores/img/fotos-oficiais/senador.jpg
NA,4,Jean Paul Prates,PT,RN,Titular,CCT,senado,http://www.senado.leg.br/senadores/img/fotos-oficiais/senador5627.jpg
NA,4,Fernando Collor,PROS,AL,Suplente,CCT,senado,http://www.senado.leg.br/senadores/img/fotos-oficiais/senador4525.jpg
NA,4,Paulo Rocha,PT,PA,Titular,CCT,senado,http://www.senado.leg.br/senadores/img/fotos-oficiais/senador374.jpg
NA,4,Rogério Carvalho,PT,SE,Suplente,CCT,senado,http://www.senado.leg.br/senadores/img/fotos-oficiais/senador5352.jpg
NA,5,Arolde de Oliveira,PSD,RJ,Titular,CCT,senado,http://www.senado.leg.br/senadores/img/fotos-oficiais/senador751.jpg
NA,5,Carlos Viana,PSD,MG,Suplente,CCT,senado,http://www.senado.leg.br/senadores/img/fotos-oficiais/senador5990.jpg
NA,5,Angelo Coronel,PSD,BA,Titular,CCT,senado,http://www.senado.leg.br/senadores/img/fotos-oficiais/senador5967.jpg
NA,5,Sérgio Petecão,PSD,AC,Suplente,CCT,senado,http://www.senado.leg.br/senadores/img/fotos-oficiais/senador4560.jpg
NA,6,Chico Rodrigues,DEM,RR,Titular,CCT,senado,http://www.senado.leg.br/senadores/img/fotos-oficiais/senador470.jpg
NA,6,    ,NA,NA,Suplente,CCT,senado,http://www.senado.leg.br/senadores/img/fotos-oficiais/senador.jpg
NA,6,Wellington Fagundes,PR,MT,Titular,CCT,senado,http://www.senado.leg.br/senadores/img/fotos-oficiais/senador1173.jpg
NA,6,    ,NA,NA,Suplente,CCT,senado,http://www.senado.leg.br/senadores/img/fotos-oficiais/senador.jpg
PRESIDENTE,1,Mecias de Jesus,PRB,RR,Titular,CSF,senado,http://www.senado.leg.br/senadores/img/fotos-oficiais/senador6027.jpg
NA,1,Marcelo Castro,MDB,PI,Suplente,CSF,senado,http://www.senado.leg.br/senadores/img/fotos-oficiais/senador742.jpg
NA,1,Marcio Bittar,MDB,AC,Titular,CSF,senado,http://www.senado.leg.br/senadores/img/fotos-oficiais/senador285.jpg
NA,1,    ,NA,NA,Suplente,CSF,senado,http://www.senado.leg.br/senadores/img/fotos-oficiais/senador.jpg
NA,1,    ,NA,NA,Titular,CSF,senado,http://www.senado.leg.br/senadores/img/fotos-oficiais/senador.jpg
NA,1,    ,NA,NA,Suplente,CSF,senado,http://www.senado.leg.br/senadores/img/fotos-oficiais/senador.jpg
NA,2,Styvenson Valentim,PODE,RN,Titular,CSF,senado,http://www.senado.leg.br/senadores/img/fotos-oficiais/senador5959.jpg
NA,2,Eduardo Girão,PODE,CE,Suplente,CSF,senado,http://www.senado.leg.br/senadores/img/fotos-oficiais/senador5976.jpg
NA,2,    ,NA,NA,Titular,CSF,senado,http://www.senado.leg.br/senadores/img/fotos-oficiais/senador.jpg
NA,2,    ,NA,NA,Suplente,CSF,senado,http://www.senado.leg.br/senadores/img/fotos-oficiais/senador.jpg
NA,3,    ,NA,NA,Titular,CSF,senado,http://www.senado.leg.br/senadores/img/fotos-oficiais/senador.jpg
NA,3,    ,NA,NA,Suplente,CSF,senado,http://www.senado.leg.br/senadores/img/fotos-oficiais/senador.jpg
NA,3,    ,NA,NA,Titular,CSF,senado,http://www.senado.leg.br/senadores/img/fotos-oficiais/senador.jpg
NA,3,    ,NA,NA,Suplente,CSF,senado,http://www.senado.leg.br/senadores/img/fotos-oficiais/senador.jpg
NA,4,Rogério Carvalho,PT,SE,Titular,CSF,senado,http://www.senado.leg.br/senadores/img/fotos-oficiais/senador5352.jpg
NA,4,Zenaide Maia,PROS,RN,Suplente,CSF,senado,http://www.senado.leg.br/senadores/img/fotos-oficiais/senador5783.jpg
NA,5,Irajá,PSD,TO,Titular,CSF,senado,http://www.senado.leg.br/senadores/img/fotos-oficiais/senador5385.jpg
NA,5,Arolde de Oliveira,PSD,RJ,Suplente,CSF,senado,http://www.senado.leg.br/senadores/img/fotos-oficiais/senador751.jpg
VICE-PRESIDENTE,6,Zequinha Marinho,PSC,PA,Titular,CSF,senado,http://www.senado.leg.br/senadores/img/fotos-oficiais/senador3806.jpg
NA,6,Wellington Fagundes,PR,MT,Suplente,CSF,senado,http://www.senado.leg.br/senadores/img/fotos-oficiais/senador1173.jpg
NA,1,Fernando Bezerra Coelho,MDB,PE,Titular,CTFC,senado,http://www.senado.leg.br/senadores/img/fotos-oficiais/senador5540.jpg
NA,1,Renan Calheiros,MDB,AL,Suplente,CTFC,senado,http://www.senado.leg.br/senadores/img/fotos-oficiais/senador70.jpg
NA,1,José Maranhão,MDB,PB,Titular,CTFC,senado,http://www.senado.leg.br/senadores/img/fotos-oficiais/senador3361.jpg
NA,1,Eduardo Braga,MDB,AM,Suplente,CTFC,senado,http://www.senado.leg.br/senadores/img/fotos-oficiais/senador4994.jpg
NA,1,Marcio Bittar,MDB,AC,Titular,CTFC,senado,http://www.senado.leg.br/senadores/img/fotos-oficiais/senador285.jpg
NA,1,Dário Berger,MDB,SC,Suplente,CTFC,senado,http://www.senado.leg.br/senadores/img/fotos-oficiais/senador5537.jpg
NA,1,Ciro Nogueira,PP,PI,Titular,CTFC,senado,http://www.senado.leg.br/senadores/img/fotos-oficiais/senador739.jpg
NA,1,    ,NA,NA,Suplente,CTFC,senado,http://www.senado.leg.br/senadores/img/fotos-oficiais/senador.jpg
PRESIDENTE,2,Rodrigo Cunha,PSDB,AL,Titular,CTFC,senado,http://www.senado.leg.br/senadores/img/fotos-oficiais/senador5905.jpg
NA,2,Izalci Lucas,PSDB,DF,Suplente,CTFC,senado,http://www.senado.leg.br/senadores/img/fotos-oficiais/senador4770.jpg
NA,2,Mara Gabrilli,PSDB,SP,Titular,CTFC,senado,http://www.senado.leg.br/senadores/img/fotos-oficiais/senador5376.jpg
NA,2,Roberto Rocha,PSDB,MA,Suplente,CTFC,senado,http://www.senado.leg.br/senadores/img/fotos-oficiais/senador677.jpg
NA,2,Eduardo Girão,PODE,CE,Titular,CTFC,senado,http://www.senado.leg.br/senadores/img/fotos-oficiais/senador5976.jpg
NA,2,Rose de Freitas,PODE,ES,Suplente,CTFC,senado,http://www.senado.leg.br/senadores/img/fotos-oficiais/senador2331.jpg
NA,2,Selma Arruda,PSL,MT,Titular,CTFC,senado,http://www.senado.leg.br/senadores/img/fotos-oficiais/senador5929.jpg
NA,2,Major Olimpio,PSL,SP,Suplente,CTFC,senado,http://www.senado.leg.br/senadores/img/fotos-oficiais/senador5666.jpg
NA,3,Jorge Kajuru,PSB,GO,Titular,CTFC,senado,http://www.senado.leg.br/senadores/img/fotos-oficiais/senador5895.jpg
NA,3,Fabiano Contarato,REDE,ES,Suplente,CTFC,senado,http://www.senado.leg.br/senadores/img/fotos-oficiais/senador5953.jpg
NA,3,Weverton,PDT,MA,Titular,CTFC,senado,http://www.senado.leg.br/senadores/img/fotos-oficiais/senador5411.jpg
NA,3,Eliziane Gama,PPS,MA,Suplente,CTFC,senado,http://www.senado.leg.br/senadores/img/fotos-oficiais/senador5718.jpg
NA,3,Cid Gomes,PDT,CE,Titular,CTFC,senado,http://www.senado.leg.br/senadores/img/fotos-oficiais/senador5973.jpg
NA,3,Randolfe Rodrigues,REDE,AP,Suplente,CTFC,senado,http://www.senado.leg.br/senadores/img/fotos-oficiais/senador5012.jpg
NA,4,Humberto Costa,PT,PE,Titular,CTFC,senado,http://www.senado.leg.br/senadores/img/fotos-oficiais/senador5008.jpg
NA,4,Paulo Rocha,PT,PA,Suplente,CTFC,senado,http://www.senado.leg.br/senadores/img/fotos-oficiais/senador374.jpg
NA,4,Telmário Mota,PROS,RR,Titular,CTFC,senado,http://www.senado.leg.br/senadores/img/fotos-oficiais/senador5535.jpg
NA,4,Rogério Carvalho,PT,SE,Suplente,CTFC,senado,http://www.senado.leg.br/senadores/img/fotos-oficiais/senador5352.jpg
NA,5,Angelo Coronel,PSD,BA,Titular,CTFC,senado,http://www.senado.leg.br/senadores/img/fotos-oficiais/senador5967.jpg
NA,5,Carlos Viana,PSD,MG,Suplente,CTFC,senado,http://www.senado.leg.br/senadores/img/fotos-oficiais/senador5990.jpg
NA,5,Otto Alencar,PSD,BA,Titular,CTFC,senado,http://www.senado.leg.br/senadores/img/fotos-oficiais/senador5523.jpg
NA,5,Omar Aziz,PSD,AM,Suplente,CTFC,senado,http://www.senado.leg.br/senadores/img/fotos-oficiais/senador5525.jpg
VICE-PRESIDENTE,6,Rodrigo Pacheco,DEM,MG,Titular,CTFC,senado,http://www.senado.leg.br/senadores/img/fotos-oficiais/senador5732.jpg
NA,6,Jorginho Mello,PR,SC,Suplente,CTFC,senado,http://www.senado.leg.br/senadores/img/fotos-oficiais/senador5350.jpg
NA,6,Wellington Fagundes,PR,MT,Titular,CTFC,senado,http://www.senado.leg.br/senadores/img/fotos-oficiais/senador1173.jpg
NA,6,    ,NA,NA,Suplente,CTFC,senado,http://www.senado.leg.br/senadores/img/fotos-oficiais/senador.jpg
VICE-PRESIDENTE,1,Nelsinho Trad,PSD,MS,Titular,CCAI,senado,http://www.senado.leg.br/senadores/img/fotos-oficiais/senador5985.jpg
NA,2,Eduardo Braga,MDB,AM,Titular,CCAI,senado,http://www.senado.leg.br/senadores/img/fotos-oficiais/senador4994.jpg
NA,3,Randolfe Rodrigues,REDE,AP,Titular,CCAI,senado,http://www.senado.leg.br/senadores/img/fotos-oficiais/senador5012.jpg
NA,4,    ,NA,NA,Titular,CCAI,senado,http://www.senado.leg.br/senadores/img/fotos-oficiais/senador.jpg
NA,5,    ,NA,NA,Titular,CCAI,senado,http://www.senado.leg.br/senadores/img/fotos-oficiais/senador.jpg
NA,6,    ,NA,NA,Titular,CCAI,senado,http://www.senado.leg.br/senadores/img/fotos-oficiais/senador.jpg
PRESIDENTE,7,Eduardo Bolsonaro,NA,NA,Titular,CCAI,senado,http://www.senado.leg.br/senadores/img/fotos-oficiais/senador5647.jpg
NA,8,    ,NA,NA,Titular,CCAI,senado,http://www.senado.leg.br/senadores/img/fotos-oficiais/senador.jpg
NA,9,Jandira Feghali,NA,NA,Titular,CCAI,senado,http://www.senado.leg.br/senadores/img/fotos-oficiais/senador769.jpg
NA,10,    ,NA,NA,Titular,CCAI,senado,http://www.senado.leg.br/senadores/img/fotos-oficiais/senador.jpg
NA,11,    ,NA,NA,Titular,CCAI,senado,http://www.senado.leg.br/senadores/img/fotos-oficiais/senador.jpg
NA,12,    ,NA,NA,Titular,CCAI,senado,http://www.senado.leg.br/senadores/img/fotos-oficiais/senador.jpg
