id_ext,codigo_emenda,data_apresentacao,numero,local,autor,casa,tipo_documento,inteiro_teor,distancia
132865,7721263,2018-04-18,1,CCJ,Wellington Fagundes PL/MT,senado,EMENDA,http://legis.senado.leg.br/sdleg-getter/documento?dm=7721263,-1
132865,7721269,2018-04-18,2,CCJ,Wellington Fagundes PL/MT,senado,EMENDA,http://legis.senado.leg.br/sdleg-getter/documento?dm=7721269,-1
132865,7721275,2018-04-18,3,CCJ,Wellington Fagundes PL/MT,senado,EMENDA,http://legis.senado.leg.br/sdleg-getter/documento?dm=7721275,-1
132865,7721281,2018-04-18,4,CCJ,Wellington Fagundes PL/MT,senado,EMENDA,http://legis.senado.leg.br/sdleg-getter/documento?dm=7721281,-1
132865,7721287,2018-04-18,5,CCJ,Wellington Fagundes PL/MT,senado,EMENDA,http://legis.senado.leg.br/sdleg-getter/documento?dm=7721287,-1
132865,7721293,2018-04-18,6,CCJ,Wellington Fagundes PL/MT,senado,EMENDA,http://legis.senado.leg.br/sdleg-getter/documento?dm=7721293,-1
132865,7721299,2018-04-18,7,CCJ,Wellington Fagundes PL/MT,senado,EMENDA,http://legis.senado.leg.br/sdleg-getter/documento?dm=7721299,-1
132865,7721305,2018-04-18,8,CCJ,Wellington Fagundes PL/MT,senado,EMENDA,http://legis.senado.leg.br/sdleg-getter/documento?dm=7721305,-1
132865,7721311,2018-04-18,9,CCJ,Wellington Fagundes PL/MT,senado,EMENDA,http://legis.senado.leg.br/sdleg-getter/documento?dm=7721311,-1
132865,7721317,2018-04-18,10,CCJ,Wellington Fagundes PL/MT,senado,EMENDA,http://legis.senado.leg.br/sdleg-getter/documento?dm=7721317,-1
132865,7721323,2018-04-18,11,CCJ,Wellington Fagundes PL/MT,senado,EMENDA,http://legis.senado.leg.br/sdleg-getter/documento?dm=7721323,-1
132865,7721329,2018-04-18,12,CCJ,Wellington Fagundes PL/MT,senado,EMENDA,http://legis.senado.leg.br/sdleg-getter/documento?dm=7721329,-1
132865,7721335,2018-04-18,13,CCJ,Wellington Fagundes PL/MT,senado,EMENDA,http://legis.senado.leg.br/sdleg-getter/documento?dm=7721335,-1
132865,7721341,2018-04-18,14,CCJ,Wellington Fagundes PL/MT,senado,EMENDA,http://legis.senado.leg.br/sdleg-getter/documento?dm=7721341,-1
132865,7721347,2018-04-18,15,CCJ,Wellington Fagundes PL/MT,senado,EMENDA,http://legis.senado.leg.br/sdleg-getter/documento?dm=7721347,-1
132865,7721353,2018-04-18,16,CCJ,Wellington Fagundes PL/MT,senado,EMENDA,http://legis.senado.leg.br/sdleg-getter/documento?dm=7721353,-1
132865,7721359,2018-04-18,17,CCJ,Wellington Fagundes PL/MT,senado,EMENDA,http://legis.senado.leg.br/sdleg-getter/documento?dm=7721359,-1
132865,7721365,2018-04-18,18,CCJ,Wellington Fagundes PL/MT,senado,EMENDA,http://legis.senado.leg.br/sdleg-getter/documento?dm=7721365,-1
132865,7721371,2018-04-18,19,CCJ,Wellington Fagundes PL/MT,senado,EMENDA,http://legis.senado.leg.br/sdleg-getter/documento?dm=7721371,-1
132865,7721377,2018-04-18,20,CCJ,Wellington Fagundes PL/MT,senado,EMENDA,http://legis.senado.leg.br/sdleg-getter/documento?dm=7721377,-1
132865,7721383,2018-04-18,21,CCJ,Wellington Fagundes PL/MT,senado,EMENDA,http://legis.senado.leg.br/sdleg-getter/documento?dm=7721383,-1
132865,7721389,2018-04-18,22,CCJ,Wellington Fagundes PL/MT,senado,EMENDA,http://legis.senado.leg.br/sdleg-getter/documento?dm=7721389,-1
132865,7721395,2018-04-18,23,CCJ,Wellington Fagundes PL/MT,senado,EMENDA,http://legis.senado.leg.br/sdleg-getter/documento?dm=7721395,-1
132865,7721401,2018-04-18,24,CCJ,Wellington Fagundes PL/MT,senado,EMENDA,http://legis.senado.leg.br/sdleg-getter/documento?dm=7721401,-1
132865,7723320,2018-04-24,25,CCJ,Randolfe Rodrigues REDE/AP,senado,EMENDA,http://legis.senado.leg.br/sdleg-getter/documento?dm=7723320,-1
132865,7723326,2018-04-24,26,CCJ,Randolfe Rodrigues REDE/AP,senado,EMENDA,http://legis.senado.leg.br/sdleg-getter/documento?dm=7723326,-1
132865,7723332,2018-04-24,27,CCJ,Randolfe Rodrigues REDE/AP,senado,EMENDA,http://legis.senado.leg.br/sdleg-getter/documento?dm=7723332,-1
132865,7723338,2018-04-24,28,CCJ,Randolfe Rodrigues REDE/AP,senado,EMENDA,http://legis.senado.leg.br/sdleg-getter/documento?dm=7723338,-1
132865,7723344,2018-04-24,29,CCJ,Randolfe Rodrigues REDE/AP,senado,EMENDA,http://legis.senado.leg.br/sdleg-getter/documento?dm=7723344,-1
132865,7723350,2018-04-24,30,CCJ,Randolfe Rodrigues REDE/AP,senado,EMENDA,http://legis.senado.leg.br/sdleg-getter/documento?dm=7723350,-1
132865,7723356,2018-04-24,31,CCJ,Randolfe Rodrigues REDE/AP,senado,EMENDA,http://legis.senado.leg.br/sdleg-getter/documento?dm=7723356,-1
132865,7723362,2018-04-24,32,CCJ,Randolfe Rodrigues REDE/AP,senado,EMENDA,http://legis.senado.leg.br/sdleg-getter/documento?dm=7723362,-1
132865,7723368,2018-04-24,33,CCJ,Randolfe Rodrigues REDE/AP,senado,EMENDA,http://legis.senado.leg.br/sdleg-getter/documento?dm=7723368,-1
132865,7723374,2018-04-24,34,CCJ,Randolfe Rodrigues REDE/AP,senado,EMENDA,http://legis.senado.leg.br/sdleg-getter/documento?dm=7723374,-1
132865,7723382,2018-04-24,35,CCJ,Randolfe Rodrigues REDE/AP,senado,EMENDA,http://legis.senado.leg.br/sdleg-getter/documento?dm=7723382,-1
132865,7723425,2018-04-24,36,CCJ,Randolfe Rodrigues REDE/AP,senado,EMENDA,http://legis.senado.leg.br/sdleg-getter/documento?dm=7723425,-1
132865,7723431,2018-04-24,37,CCJ,Randolfe Rodrigues REDE/AP,senado,EMENDA,http://legis.senado.leg.br/sdleg-getter/documento?dm=7723431,-1
132865,7723437,2018-04-24,38,CCJ,Randolfe Rodrigues REDE/AP,senado,EMENDA,http://legis.senado.leg.br/sdleg-getter/documento?dm=7723437,-1
132865,7723443,2018-04-24,39,CCJ,Randolfe Rodrigues REDE/AP,senado,EMENDA,http://legis.senado.leg.br/sdleg-getter/documento?dm=7723443,-1
132865,7723449,2018-04-24,40,CCJ,Randolfe Rodrigues REDE/AP,senado,EMENDA,http://legis.senado.leg.br/sdleg-getter/documento?dm=7723449,-1
132865,7723455,2018-04-24,41,CCJ,Randolfe Rodrigues REDE/AP,senado,EMENDA,http://legis.senado.leg.br/sdleg-getter/documento?dm=7723455,-1
132865,7723461,2018-04-24,42,CCJ,Randolfe Rodrigues REDE/AP,senado,EMENDA,http://legis.senado.leg.br/sdleg-getter/documento?dm=7723461,-1
132865,7723467,2018-04-24,43,CCJ,Randolfe Rodrigues REDE/AP,senado,EMENDA,http://legis.senado.leg.br/sdleg-getter/documento?dm=7723467,-1
132865,7723473,2018-04-24,44,CCJ,Randolfe Rodrigues REDE/AP,senado,EMENDA,http://legis.senado.leg.br/sdleg-getter/documento?dm=7723473,-1
132865,7723479,2018-04-24,45,CCJ,Randolfe Rodrigues REDE/AP,senado,EMENDA,http://legis.senado.leg.br/sdleg-getter/documento?dm=7723479,-1
132865,7723488,2018-04-24,46,CCJ,Randolfe Rodrigues REDE/AP,senado,EMENDA,http://legis.senado.leg.br/sdleg-getter/documento?dm=7723488,-1
132865,7723602,2018-04-24,47,CCJ,Randolfe Rodrigues REDE/AP,senado,EMENDA,http://legis.senado.leg.br/sdleg-getter/documento?dm=7723602,-1
132865,7723608,2018-04-24,48,CCJ,Randolfe Rodrigues REDE/AP,senado,EMENDA,http://legis.senado.leg.br/sdleg-getter/documento?dm=7723608,-1
132865,7723614,2018-04-24,49,CCJ,Randolfe Rodrigues REDE/AP,senado,EMENDA,http://legis.senado.leg.br/sdleg-getter/documento?dm=7723614,-1
132865,7723620,2018-04-24,50,CCJ,Randolfe Rodrigues REDE/AP,senado,EMENDA,http://legis.senado.leg.br/sdleg-getter/documento?dm=7723620,-1
132865,7723626,2018-04-24,51,CCJ,Randolfe Rodrigues REDE/AP,senado,EMENDA,http://legis.senado.leg.br/sdleg-getter/documento?dm=7723626,-1
132865,7723632,2018-04-24,52,CCJ,Randolfe Rodrigues REDE/AP,senado,EMENDA,http://legis.senado.leg.br/sdleg-getter/documento?dm=7723632,-1
132865,7723638,2018-04-24,53,CCJ,Randolfe Rodrigues REDE/AP,senado,EMENDA,http://legis.senado.leg.br/sdleg-getter/documento?dm=7723638,-1
132865,7723644,2018-04-24,54,CCJ,Randolfe Rodrigues REDE/AP,senado,EMENDA,http://legis.senado.leg.br/sdleg-getter/documento?dm=7723644,-1
132865,7723650,2018-04-24,55,CCJ,Randolfe Rodrigues REDE/AP,senado,EMENDA,http://legis.senado.leg.br/sdleg-getter/documento?dm=7723650,-1
132865,7723656,2018-04-24,56,CCJ,Randolfe Rodrigues REDE/AP,senado,EMENDA,http://legis.senado.leg.br/sdleg-getter/documento?dm=7723656,-1
132865,7723662,2018-04-24,57,CCJ,Randolfe Rodrigues REDE/AP,senado,EMENDA,http://legis.senado.leg.br/sdleg-getter/documento?dm=7723662,-1
132865,7723668,2018-04-24,58,CCJ,Randolfe Rodrigues REDE/AP,senado,EMENDA,http://legis.senado.leg.br/sdleg-getter/documento?dm=7723668,-1
132865,7723696,2018-04-24,59,CCJ,Randolfe Rodrigues REDE/AP,senado,EMENDA,http://legis.senado.leg.br/sdleg-getter/documento?dm=7723696,-1
132865,7723703,2018-04-24,60,CCJ,Randolfe Rodrigues REDE/AP,senado,EMENDA,http://legis.senado.leg.br/sdleg-getter/documento?dm=7723703,-1
132865,7723709,2018-04-24,61,CCJ,Randolfe Rodrigues REDE/AP,senado,EMENDA,http://legis.senado.leg.br/sdleg-getter/documento?dm=7723709,-1
132865,7723715,2018-04-24,62,CCJ,Randolfe Rodrigues REDE/AP,senado,EMENDA,http://legis.senado.leg.br/sdleg-getter/documento?dm=7723715,-1
132865,7723721,2018-04-24,63,CCJ,Randolfe Rodrigues REDE/AP,senado,EMENDA,http://legis.senado.leg.br/sdleg-getter/documento?dm=7723721,-1
132865,7723727,2018-04-24,64,CCJ,Randolfe Rodrigues REDE/AP,senado,EMENDA,http://legis.senado.leg.br/sdleg-getter/documento?dm=7723727,-1
132865,7723733,2018-04-24,65,CCJ,Randolfe Rodrigues REDE/AP,senado,EMENDA,http://legis.senado.leg.br/sdleg-getter/documento?dm=7723733,-1
132865,7723739,2018-04-24,66,CCJ,Randolfe Rodrigues REDE/AP,senado,EMENDA,http://legis.senado.leg.br/sdleg-getter/documento?dm=7723739,-1
91341,3931858,2016-05-17,1,CAE,Ricardo Ferraço PSDB/ES,senado,PARECER,http://legis.senado.leg.br/sdleg-getter/documento?dm=3931858,-1
46249,577691,2013-05-21,3,CCJC,"Moreira Mendes - PSD/RO, Moreira Mendes - PSD/RO",camara,EMR,http://www.camara.gov.br/proposicoesWeb/prop_mostrarintegra?codteor=1090497,-1
2121442,2178460,2018-11-26,1,PL672616,"Rubens Bueno - PPS/PR, Rubens Bueno - PPS/PR",camara,EMR,http://www.camara.gov.br/proposicoesWeb/prop_mostrarintegra?codteor=1695084,-1
127753,4594401,2016-12-13,1,PLEN,José Aníbal PSDB/SP,senado,EMENDA,http://legis.senado.leg.br/sdleg-getter/documento?dm=4594401,-1
127753,4594417,2016-12-13,2,PLEN,José Aníbal PSDB/SP,senado,EMENDA,http://legis.senado.leg.br/sdleg-getter/documento?dm=4594417,-1
127753,4594433,2016-12-13,3,PLEN,Cidinho Santos PL/MT,senado,EMENDA,http://legis.senado.leg.br/sdleg-getter/documento?dm=4594433,-1
127753,4594449,2016-12-13,4,PLEN,Hélio José MDB/DF,senado,EMENDA,http://legis.senado.leg.br/sdleg-getter/documento?dm=4594449,-1
2192459,2199624,2019-04-29,1,PEC00619,Marreca Filho - PATRI/MA,camara,EMC,http://www.camara.gov.br/proposicoesWeb/prop_mostrarintegra?codteor=1738805,12.372089623003882
2192459,2199625,2019-04-29,2,PEC00619,"Dr. Frederico - PATRI/MG, Marreca Filho - PATRI/MA",camara,EMC,http://www.camara.gov.br/proposicoesWeb/prop_mostrarintegra?codteor=1738806,14.00632594978542
2192459,2199779,2019-05-02,3,PEC00619,Roberto de Lucena - PODE/SP,camara,EMC,http://www.camara.gov.br/proposicoesWeb/prop_mostrarintegra?codteor=1740094,16.055516870391916
2192459,2200218,2019-05-07,4,PEC00619,Júlio Cesar - PSD/PI,camara,EMC,http://www.camara.gov.br/proposicoesWeb/prop_mostrarintegra?codteor=1741824,16.21829082972494
2192459,2200893,2019-05-09,5,PEC00619,"Paulo Pereira da Silva - SOLIDARI/SP, Augusto Coutinho - SOLIDARI/PE, Aureo Ribeiro - SOLIDARI/RJ, Bosco Saraiva - SOLIDARI/AM, Dr. Leonardo - SOLIDARI/MT, Dra. Vanda Milani - SOLIDARI/AC, Eli Borges - SOLIDARI/TO, Genecias Noronha - SOLIDARI/CE, Gustinho Ribeiro - SOLIDARI/SE, Otaci Nascimento - SOLIDARI/RR, Marina Santos - SOLIDARI/PI, Zé Silva - SOLIDARI/MG, Tiago Dimas - SOLIDARI/TO",camara,EMC,http://www.camara.gov.br/proposicoesWeb/prop_mostrarintegra?codteor=1743864,16.432555650662312
2192459,2201763,2019-05-09,6,PEC00619,Eduardo Costa - PTB/PA,camara,EMC,http://www.camara.gov.br/proposicoesWeb/prop_mostrarintegra?codteor=1745007,15.867390233481014
2192459,2202176,2019-05-09,7,PEC00619,Alan Rick - DEM/AC,camara,EMC,http://www.camara.gov.br/proposicoesWeb/prop_mostrarintegra?codteor=1745614,15.908060440318545
2192459,2203457,2019-05-15,8,PEC00619,Hugo Leal - PSD/RJ,camara,EMC,http://www.camara.gov.br/proposicoesWeb/prop_mostrarintegra?codteor=1748027,15.722239891120674
2192459,2203499,2019-05-15,9,PEC00619,Carlos Sampaio - PSDB/SP,camara,EMC,http://www.camara.gov.br/proposicoesWeb/prop_mostrarintegra?codteor=1748103,16.078872793329783
2192459,2203537,2019-05-15,10,PEC00619,Charlles Evangelista - PSL/MG,camara,EMC,http://www.camara.gov.br/proposicoesWeb/prop_mostrarintegra?codteor=1748160,16.60027000229305
2192459,2203548,2019-05-15,11,PEC00619,"Leandre - PV/PR, Carmen Zanotto - CIDADANIA/SC, Soraya Santos - PL/RJ, Dulce Miranda - MDB/TO, Tabata Amaral - PDT/SP, Felipe Rigoni - PSB/ES",camara,EMC,http://www.camara.gov.br/proposicoesWeb/prop_mostrarintegra?codteor=1748172,14.839736555132715
2192459,2203549,2019-05-15,12,PEC00619,"Delegado Marcelo Freitas - PSL/MG, Aluisio Mendes - PODE/MA, Carla Zambelli - PSL/SP, Delegado Antônio Furtado - PSL/RJ, Delegado Pablo - PSL/AM, Delegado Waldir - PSL/GO, Felício Laterça - PSL/RJ, José Medeiros - PODE/MT, Nicoletti - PSL/RR, Sanderson - PSL/RS, Felipe Francischini - PSL/PR, João Campos - PRB/GO",camara,EMC,http://www.camara.gov.br/proposicoesWeb/prop_mostrarintegra?codteor=1748174,12.938644172027633
2192459,2203565,2019-05-15,13,PEC00619,"Fred Costa - PATRI/MG, Baleia Rossi - MDB/SP, Dr. Frederico - PATRI/MG, Marreca Filho - PATRI/MA, Pastor Eurico - PATRI/PE, João Campos - PRB/GO",camara,EMC,http://www.camara.gov.br/proposicoesWeb/prop_mostrarintegra?codteor=1748205,12.153068460004485
2192459,2203631,2019-05-16,14,PEC00619,Marco Bertaiolli - PSD/SP,camara,EMC,http://www.camara.gov.br/proposicoesWeb/prop_mostrarintegra?codteor=1748393,14.818171184455403
2192459,2203690,2019-05-16,15,PEC00619,"Subtenente Gonzaga - PDT/MG, Coronel Tadeu - PSL/SP, Guilherme Derrite - PP/SP, Capitão Alberto Neto - PRB/AM, Gurgel - PSL/RJ, Sargento Fahur - PSD/PR, Capitão Wagner - PROS/CE, Pastor Sargento Isidório - AVANTE/BA, Cabo Junio Amaral - PSL/MG, Paulo Ramos - PDT/RJ",camara,EMC,http://www.camara.gov.br/proposicoesWeb/prop_mostrarintegra?codteor=1748525,14.805217932394354
2192459,2204003,2019-05-21,16,PEC00619,Julio Cesar Ribeiro - PRB/DF,camara,EMC,http://www.camara.gov.br/proposicoesWeb/prop_mostrarintegra?codteor=1750200,-1
2192459,2204224,2019-05-21,17,PEC00619,"Fred Costa - PATRI/MG, Orlando Silva - PCdoB/SP, Soraya Santos - PL/RJ, Carmen Zanotto - CIDADANIA/SC, Léo Moraes - PODE/RO, Célio Studart - PV/CE, Dr. Frederico - PATRI/MG",camara,EMC,http://www.camara.gov.br/proposicoesWeb/prop_mostrarintegra?codteor=1750683,15.640113193479422
2192459,2204242,2019-05-21,18,PEC00619,Daniel Coelho - CIDADANIA/PE,camara,EMC,http://www.camara.gov.br/proposicoesWeb/prop_mostrarintegra?codteor=1750757,17.075116131756246
2192459,2204261,2019-05-22,19,PEC00619,"Delegado Marcelo Freitas - PSL/MG, Capitão Wagner - PROS/CE, Celina Leão - PP/DF, Delegado Pablo - PSL/AM, Felício Laterça - PSL/RJ",camara,EMC,http://www.camara.gov.br/proposicoesWeb/prop_mostrarintegra?codteor=1750820,16.382654834470838
2192459,2204263,2019-05-22,20,PEC00619,"Diego Garcia - PODE/PR, Vinicius Carvalho - PRB/SP",camara,EMC,http://www.camara.gov.br/proposicoesWeb/prop_mostrarintegra?codteor=1750825,15.378959594846188
2192459,2204284,2019-05-22,21,PEC00619,Gutemberg Reis - MDB/RJ,camara,EMC,http://www.camara.gov.br/proposicoesWeb/prop_mostrarintegra?codteor=1750878,15.716544838252661
2192459,2204287,2019-05-22,22,PEC00619,Ricardo Izar - PP/SP,camara,EMC,http://www.camara.gov.br/proposicoesWeb/prop_mostrarintegra?codteor=1750886,16.174882262516473
2192459,2204310,2019-05-22,23,PEC00619,Santini - PTB/RS,camara,EMC,http://www.camara.gov.br/proposicoesWeb/prop_mostrarintegra?codteor=1750979,14.839597100217231
2192459,2204443,2019-05-22,24,PEC00619,Jaqueline Cassol - PP/RO,camara,EMC,http://www.camara.gov.br/proposicoesWeb/prop_mostrarintegra?codteor=1751357,14.454417255019004
2192459,2204456,2019-05-22,25,PEC00619,Eduardo Barbosa - PSDB/MG,camara,EMC,http://www.camara.gov.br/proposicoesWeb/prop_mostrarintegra?codteor=1751382,16.616465542766814
2192459,2204496,2019-05-22,26,PEC00619,João Campos - PRB/GO,camara,EMC,http://www.camara.gov.br/proposicoesWeb/prop_mostrarintegra?codteor=1751591,12.062964182195627
2192459,2204504,2019-05-22,27,PEC00619,Afonso Hamm - PP/RS,camara,EMC,http://www.camara.gov.br/proposicoesWeb/prop_mostrarintegra?codteor=1751681,12.49065853197519
2192459,2204506,2019-05-23,28,PEC00619,André Figueiredo - PDT/CE,camara,EMC,http://www.camara.gov.br/proposicoesWeb/prop_mostrarintegra?codteor=1751750,16.133039732345438
2192459,2204507,2019-05-23,29,PEC00619,"André Figueiredo - PDT/CE, Mauro Benevides Filho - PDT/CE",camara,EMC,http://www.camara.gov.br/proposicoesWeb/prop_mostrarintegra?codteor=1751751,16.463049457458002
2192459,2204571,2019-05-23,30,PEC00619,Chiquinho Brazão - AVANTE/RJ,camara,EMC,http://www.camara.gov.br/proposicoesWeb/prop_mostrarintegra?codteor=1751908,14.914396068780949
2192459,2204580,2019-05-23,31,PEC00619,Fábio Ramalho - MDB/MG,camara,EMC,http://www.camara.gov.br/proposicoesWeb/prop_mostrarintegra?codteor=1751937,-1
2192459,2204582,2019-05-23,32,PEC00619,Valtenir Pereira - MDB/MT,camara,EMC,http://www.camara.gov.br/proposicoesWeb/prop_mostrarintegra?codteor=1751940,16.409255492348823
2192459,2204617,2019-05-23,33,PEC00619,Valtenir Pereira - MDB/MT,camara,EMC,http://www.camara.gov.br/proposicoesWeb/prop_mostrarintegra?codteor=1752054,16.554432634209828
2192459,2204618,2019-05-23,34,PEC00619,Vinicius Carvalho - PRB/SP,camara,EMC,http://www.camara.gov.br/proposicoesWeb/prop_mostrarintegra?codteor=1752055,15.729290750252659
2192459,2204619,2019-05-23,35,PEC00619,Bilac Pinto - DEM/MG,camara,EMC,http://www.camara.gov.br/proposicoesWeb/prop_mostrarintegra?codteor=1752056,13.548901330256086
2192459,2204621,2019-05-23,36,PEC00619,João Campos - PRB/GO,camara,EMC,http://www.camara.gov.br/proposicoesWeb/prop_mostrarintegra?codteor=1752059,-1
2192459,2204631,2019-05-23,37,PEC00619,Fábio Ramalho - MDB/MG,camara,EMC,http://www.camara.gov.br/proposicoesWeb/prop_mostrarintegra?codteor=1752079,15.698963253527825
2192459,2204639,2019-05-23,38,PEC00619,Nicoletti - PSL/RR,camara,EMC,http://www.camara.gov.br/proposicoesWeb/prop_mostrarintegra?codteor=1752092,15.937836237107438
2192459,2204658,2019-05-23,39,PEC00619,Dra. Vanda Milani - SOLIDARI/AC,camara,EMC,http://www.camara.gov.br/proposicoesWeb/prop_mostrarintegra?codteor=1752139,16.586841794555525
2192459,2204662,2019-05-23,40,PEC00619,Luis Miranda - DEM/DF,camara,EMC,http://www.camara.gov.br/proposicoesWeb/prop_mostrarintegra?codteor=1752145,-1
2192459,2204663,2019-05-23,41,PEC00619,Luis Miranda - DEM/DF,camara,EMC,http://www.camara.gov.br/proposicoesWeb/prop_mostrarintegra?codteor=1752147,16.91213848648615
2192459,2204672,2019-05-23,42,PEC00619,Alan Rick - DEM/AC,camara,EMC,http://www.camara.gov.br/proposicoesWeb/prop_mostrarintegra?codteor=1752205,16.104946700476493
2192459,2204748,2019-05-24,43,PEC00619,Capitão Augusto - PL/SP,camara,EMC,http://www.camara.gov.br/proposicoesWeb/prop_mostrarintegra?codteor=1752492,-1
2192459,2204749,2019-05-24,44,PEC00619,Celina Leão - PP/DF,camara,EMC,http://www.camara.gov.br/proposicoesWeb/prop_mostrarintegra?codteor=1752497,16.280232436366948
2192459,2204832,2019-05-24,45,PEC00619,Professor Israel Batista - PV/DF,camara,EMC,http://www.camara.gov.br/proposicoesWeb/prop_mostrarintegra?codteor=1752653,13.769874611736462
2192459,2204833,2019-05-24,46,PEC00619,Valtenir Pereira - MDB/MT,camara,EMC,http://www.camara.gov.br/proposicoesWeb/prop_mostrarintegra?codteor=1752654,14.68019832561421
2192459,2204835,2019-05-24,47,PEC00619,André Figueiredo - PDT/CE,camara,EMC,http://www.camara.gov.br/proposicoesWeb/prop_mostrarintegra?codteor=1752657,15.969396014628597
2192459,2204836,2019-05-24,48,PEC00619,Léo Moraes - PODE/RO,camara,EMC,http://www.camara.gov.br/proposicoesWeb/prop_mostrarintegra?codteor=1752659,15.982707146650766
2192459,2204837,2019-05-24,49,PEC00619,Lincoln Portela - PL/MG,camara,EMC,http://www.camara.gov.br/proposicoesWeb/prop_mostrarintegra?codteor=1752662,11.483129374016151
2192459,2204838,2019-05-24,50,PEC00619,Professor Israel Batista - PV/DF,camara,EMC,http://www.camara.gov.br/proposicoesWeb/prop_mostrarintegra?codteor=1752663,13.81512008654501
2192459,2204839,2019-05-24,51,PEC00619,Lincoln Portela - PL/MG,camara,EMC,http://www.camara.gov.br/proposicoesWeb/prop_mostrarintegra?codteor=1752665,10.148269534818027
2192459,2204840,2019-05-24,52,PEC00619,Professor Israel Batista - PV/DF,camara,EMC,http://www.camara.gov.br/proposicoesWeb/prop_mostrarintegra?codteor=1752667,16.59610113187657
2192459,2204841,2019-05-24,53,PEC00619,Professor Israel Batista - PV/DF,camara,EMC,http://www.camara.gov.br/proposicoesWeb/prop_mostrarintegra?codteor=1752670,15.671575509755932
2192459,2204842,2019-05-24,54,PEC00619,Professor Israel Batista - PV/DF,camara,EMC,http://www.camara.gov.br/proposicoesWeb/prop_mostrarintegra?codteor=1752672,12.812044076754757
2192459,2204957,2019-05-28,55,PEC00619,"Capitão Augusto - PL/SP, Subtenente Gonzaga - PDT/MG",camara,EMC,http://www.camara.gov.br/proposicoesWeb/prop_mostrarintegra?codteor=1755635,17.090084827984636
2192459,2205023,2019-05-28,56,PEC00619,João Campos - PRB/GO,camara,EMC,http://www.camara.gov.br/proposicoesWeb/prop_mostrarintegra?codteor=1755799,-1
2192459,2205024,2019-05-28,57,PEC00619,João Campos - PRB/GO,camara,EMC,http://www.camara.gov.br/proposicoesWeb/prop_mostrarintegra?codteor=1755801,-1
2192459,2205160,2019-05-28,58,PEC00619,João Campos - PRB/GO,camara,EMC,http://www.camara.gov.br/proposicoesWeb/prop_mostrarintegra?codteor=1756018,-1
2192459,2205162,2019-05-28,59,PEC00619,Valtenir Pereira - MDB/MT,camara,EMC,http://www.camara.gov.br/proposicoesWeb/prop_mostrarintegra?codteor=1756019,-1
2192459,2205163,2019-05-28,60,PEC00619,Subtenente Gonzaga - PDT/MG,camara,EMC,http://www.camara.gov.br/proposicoesWeb/prop_mostrarintegra?codteor=1756022,-1
2192459,2205165,2019-05-28,61,PEC00619,Subtenente Gonzaga - PDT/MG,camara,EMC,http://www.camara.gov.br/proposicoesWeb/prop_mostrarintegra?codteor=1756026,-1
2192459,2205208,2019-05-28,62,PEC00619,João Roma - PRB/BA,camara,EMC,http://www.camara.gov.br/proposicoesWeb/prop_mostrarintegra?codteor=1756084,-1
2192459,2205213,2019-05-28,63,PEC00619,Geovania de Sá - PSDB/SC,camara,EMC,http://www.camara.gov.br/proposicoesWeb/prop_mostrarintegra?codteor=1756090,-1
2192459,2205251,2019-05-28,64,PEC00619,Daniel Coelho - CIDADANIA/PE,camara,EMC,http://www.camara.gov.br/proposicoesWeb/prop_mostrarintegra?codteor=1756329,-1
2192459,2205262,2019-05-28,65,PEC00619,"Aureo Ribeiro - SOLIDARI/RJ, Vitor Lippi - PSDB/SP",camara,EMC,http://www.camara.gov.br/proposicoesWeb/prop_mostrarintegra?codteor=1756351,-1
2192459,2205280,2019-05-28,66,PEC00619,Darci de Matos - PSD/SC,camara,EMC,http://www.camara.gov.br/proposicoesWeb/prop_mostrarintegra?codteor=1756391,-1
2192459,2205343,2019-05-29,67,PEC00619,Rodrigo Coelho - PSB/SC,camara,EMC,http://www.camara.gov.br/proposicoesWeb/prop_mostrarintegra?codteor=1756689,-1
2192459,2205344,2019-05-29,68,PEC00619,Rodrigo Coelho - PSB/SC,camara,EMC,http://www.camara.gov.br/proposicoesWeb/prop_mostrarintegra?codteor=1756691,-1
2192459,2205345,2019-05-29,69,PEC00619,Rodrigo Coelho - PSB/SC,camara,EMC,http://www.camara.gov.br/proposicoesWeb/prop_mostrarintegra?codteor=1756697,-1
2192459,2205352,2019-05-29,70,PEC00619,Rodrigo Coelho - PSB/SC,camara,EMC,http://www.camara.gov.br/proposicoesWeb/prop_mostrarintegra?codteor=1756721,-1
2192459,2205353,2019-05-29,71,PEC00619,Rodrigo Coelho - PSB/SC,camara,EMC,http://www.camara.gov.br/proposicoesWeb/prop_mostrarintegra?codteor=1756722,-1
2192459,2205398,2019-05-29,72,PEC00619,"André Figueiredo - PDT/CE, Gustavo Fruet - PDT/PR",camara,EMC,http://www.camara.gov.br/proposicoesWeb/prop_mostrarintegra?codteor=1756843,-1
2192459,2205439,2019-05-29,73,PEC00619,Bacelar - PODE/BA,camara,EMC,http://www.camara.gov.br/proposicoesWeb/prop_mostrarintegra?codteor=1756907,-1
2192459,2205451,2019-05-29,74,PEC00619,Darci de Matos - PSD/SC,camara,EMC,http://www.camara.gov.br/proposicoesWeb/prop_mostrarintegra?codteor=1756927,-1
2192459,2205535,2019-05-29,75,PEC00619,"Sanderson - PSL/RS, Aluisio Mendes - PODE/MA, Felício Laterça - PSL/RJ, Delegado Marcelo Freitas - PSL/MG, Delegado Pablo - PSL/AM",camara,EMC,http://www.camara.gov.br/proposicoesWeb/prop_mostrarintegra?codteor=1757088,-1
2192459,2205543,2019-05-29,76,PEC00619,Erika Kokay - PT/DF,camara,EMC,http://www.camara.gov.br/proposicoesWeb/prop_mostrarintegra?codteor=1757109,-1
2192459,2205545,2019-05-29,77,PEC00619,Erika Kokay - PT/DF,camara,EMC,http://www.camara.gov.br/proposicoesWeb/prop_mostrarintegra?codteor=1757116,-1
2192459,2205548,2019-05-29,78,PEC00619,"Delegado Marcelo Freitas - PSL/MG, Delegado Pablo - PSL/AM, Felício Laterça - PSL/RJ",camara,EMC,http://www.camara.gov.br/proposicoesWeb/prop_mostrarintegra?codteor=1757120,-1
2192459,2205560,2019-05-29,79,PEC00619,Geninho Zuliani - DEM/SP,camara,EMC,http://www.camara.gov.br/proposicoesWeb/prop_mostrarintegra?codteor=1757140,-1
2192459,2205564,2019-05-29,80,PEC00619,Paulo Teixeira - PT/SP,camara,EMC,http://www.camara.gov.br/proposicoesWeb/prop_mostrarintegra?codteor=1757291,-1
2192459,2205582,2019-05-29,81,PEC00619,João Campos - PRB/GO,camara,EMC,http://www.camara.gov.br/proposicoesWeb/prop_mostrarintegra?codteor=1757256,-1
2192459,2205583,2019-05-29,82,PEC00619,Fernando Rodolfo - PL/PE,camara,EMC,http://www.camara.gov.br/proposicoesWeb/prop_mostrarintegra?codteor=1757258,-1
2192459,2205588,2019-05-29,83,PEC00619,"Felipe Rigoni - PSB/ES, Paula Belmonte - CIDADANIA/DF, Tabata Amaral - PDT/SP",camara,EMC,http://www.camara.gov.br/proposicoesWeb/prop_mostrarintegra?codteor=1757261,-1
2192459,2205590,2019-05-29,84,PEC00619,"Felipe Rigoni - PSB/ES, Tabata Amaral - PDT/SP, Aliel Machado - PSB/PR, Professor Israel Batista - PV/DF",camara,EMC,http://www.camara.gov.br/proposicoesWeb/prop_mostrarintegra?codteor=1757265,-1
2192459,2205591,2019-05-29,85,PEC00619,"Felipe Rigoni - PSB/ES, Tabata Amaral - PDT/SP, Joenia Wapichana - REDE/RR, Professor Israel Batista - PV/DF",camara,EMC,http://www.camara.gov.br/proposicoesWeb/prop_mostrarintegra?codteor=1757266,-1
2192459,2205592,2019-05-29,86,PEC00619,"Felipe Rigoni - PSB/ES, Professor Israel Batista - PV/DF, Tabata Amaral - PDT/SP, Aliel Machado - PSB/PR",camara,EMC,http://www.camara.gov.br/proposicoesWeb/prop_mostrarintegra?codteor=1757268,-1
2192459,2205593,2019-05-29,87,PEC00619,"Felipe Rigoni - PSB/ES, Aliel Machado - PSB/PR, Tabata Amaral - PDT/SP, Professor Israel Batista - PV/DF",camara,EMC,http://www.camara.gov.br/proposicoesWeb/prop_mostrarintegra?codteor=1757269,-1
2192459,2205594,2019-05-29,88,PEC00619,"Eduardo Barbosa - PSDB/MG, Tereza Nelma - PSDB/AL",camara,EMC,http://www.camara.gov.br/proposicoesWeb/prop_mostrarintegra?codteor=1757270,-1
2192459,2205595,2019-05-29,89,PEC00619,"Felipe Rigoni - PSB/ES, Tabata Amaral - PDT/SP, Aliel Machado - PSB/PR, Professor Israel Batista - PV/DF",camara,EMC,http://www.camara.gov.br/proposicoesWeb/prop_mostrarintegra?codteor=1757271,-1
2192459,2205596,2019-05-29,90,PEC00619,Professor Israel Batista - PV/DF,camara,EMC,http://www.camara.gov.br/proposicoesWeb/prop_mostrarintegra?codteor=1757272,-1
2192459,2205599,2019-05-29,91,PEC00619,Capitão Augusto - PL/SP,camara,EMC,http://www.camara.gov.br/proposicoesWeb/prop_mostrarintegra?codteor=1757273,-1
2192459,2205605,2019-05-29,92,PEC00619,Danilo Cabral - PSB/PE,camara,EMC,http://www.camara.gov.br/proposicoesWeb/prop_mostrarintegra?codteor=1757285,-1
2192459,2205608,2019-05-29,93,PEC00619,Danilo Cabral - PSB/PE,camara,EMC,http://www.camara.gov.br/proposicoesWeb/prop_mostrarintegra?codteor=1757297,-1
2192459,2205610,2019-05-29,94,PEC00619,Hiran Gonçalves - PP/RR,camara,EMC,http://www.camara.gov.br/proposicoesWeb/prop_mostrarintegra?codteor=1757301,-1
2192459,2205611,2019-05-29,95,PEC00619,Jorge Solla - PT/BA,camara,EMC,http://www.camara.gov.br/proposicoesWeb/prop_mostrarintegra?codteor=1757302,-1
2192459,2205612,2019-05-29,96,PEC00619,Danilo Cabral - PSB/PE,camara,EMC,http://www.camara.gov.br/proposicoesWeb/prop_mostrarintegra?codteor=1757303,-1
2192459,2205619,2019-05-29,97,PEC00619,Jhc - PSB/AL,camara,EMC,http://www.camara.gov.br/proposicoesWeb/prop_mostrarintegra?codteor=1757309,-1
2192459,2205621,2019-05-29,98,PEC00619,"Fred Costa - PATRI/MG, Dr. Leonardo - SOLIDARI/MT",camara,EMC,http://www.camara.gov.br/proposicoesWeb/prop_mostrarintegra?codteor=1757313,-1
2192459,2205622,2019-05-29,99,PEC00619,"Fred Costa - PATRI/MG, Dr. Leonardo - SOLIDARI/MT",camara,EMC,http://www.camara.gov.br/proposicoesWeb/prop_mostrarintegra?codteor=1757315,-1
2192459,2205625,2019-05-29,100,PEC00619,Paulo Azi - DEM/BA,camara,EMC,http://www.camara.gov.br/proposicoesWeb/prop_mostrarintegra?codteor=1757325,-1
2192459,2205626,2019-05-29,101,PEC00619,Paulo Azi - DEM/BA,camara,EMC,http://www.camara.gov.br/proposicoesWeb/prop_mostrarintegra?codteor=1757327,-1
2192459,2205627,2019-05-29,102,PEC00619,Paulo Azi - DEM/BA,camara,EMC,http://www.camara.gov.br/proposicoesWeb/prop_mostrarintegra?codteor=1757328,-1
2192459,2205628,2019-05-29,103,PEC00619,Clarissa Garotinho - PROS/RJ,camara,EMC,http://www.camara.gov.br/proposicoesWeb/prop_mostrarintegra?codteor=1757331,-1
2192459,2205629,2019-05-29,104,PEC00619,Clarissa Garotinho - PROS/RJ,camara,EMC,http://www.camara.gov.br/proposicoesWeb/prop_mostrarintegra?codteor=1757333,-1
2192459,2205630,2019-05-29,105,PEC00619,Clarissa Garotinho - PROS/RJ,camara,EMC,http://www.camara.gov.br/proposicoesWeb/prop_mostrarintegra?codteor=1757334,-1
2192459,2205631,2019-05-29,106,PEC00619,Clarissa Garotinho - PROS/RJ,camara,EMC,http://www.camara.gov.br/proposicoesWeb/prop_mostrarintegra?codteor=1757335,-1
2192459,2205633,2019-05-29,107,PEC00619,"João Campos - PRB/GO, Sanderson - PSL/RS",camara,EMC,http://www.camara.gov.br/proposicoesWeb/prop_mostrarintegra?codteor=1757338,-1
2192459,2205635,2019-05-29,108,PEC00619,Eduardo Cury - PSDB/SP,camara,EMC,http://www.camara.gov.br/proposicoesWeb/prop_mostrarintegra?codteor=1757388,-1
2192459,2205636,2019-05-29,109,PEC00619,João H. Campos - PSB/PE,camara,EMC,http://www.camara.gov.br/proposicoesWeb/prop_mostrarintegra?codteor=1757392,-1
2192459,2205638,2019-05-29,110,PEC00619,Eduardo da Fonte - PP/PE,camara,EMC,http://www.camara.gov.br/proposicoesWeb/prop_mostrarintegra?codteor=1757403,-1
2192459,2205640,2019-05-29,111,PEC00619,Emanuel Pinheiro Neto - PTB/MT,camara,EMC,http://www.camara.gov.br/proposicoesWeb/prop_mostrarintegra?codteor=1757405,-1
2192459,2205641,2019-05-29,112,PEC00619,Emanuel Pinheiro Neto - PTB/MT,camara,EMC,http://www.camara.gov.br/proposicoesWeb/prop_mostrarintegra?codteor=1757406,-1
2192459,2205642,2019-05-29,113,PEC00619,Emanuel Pinheiro Neto - PTB/MT,camara,EMC,http://www.camara.gov.br/proposicoesWeb/prop_mostrarintegra?codteor=1757407,-1
2192459,2205643,2019-05-29,114,PEC00619,Eduardo da Fonte - PP/PE,camara,EMC,http://www.camara.gov.br/proposicoesWeb/prop_mostrarintegra?codteor=1757410,-1
2192459,2205653,2019-05-30,115,PEC00619,Tereza Nelma - PSDB/AL,camara,EMC,http://www.camara.gov.br/proposicoesWeb/prop_mostrarintegra?codteor=1757455,-1
2192459,2205662,2019-05-30,116,PEC00619,Zé Vitor - PL/MG,camara,EMC,http://www.camara.gov.br/proposicoesWeb/prop_mostrarintegra?codteor=1757472,-1
2192459,2205684,2019-05-30,117,PEC00619,Pastor Sargento Isidório - AVANTE/BA,camara,EMC,http://www.camara.gov.br/proposicoesWeb/prop_mostrarintegra?codteor=1757515,-1
2192459,2205692,2019-05-30,118,PEC00619,Mário Heringer - PDT/MG,camara,EMC,http://www.camara.gov.br/proposicoesWeb/prop_mostrarintegra?codteor=1757524,-1
2192459,2205698,2019-05-30,119,PEC00619,Vilson da Fetaemg - PSB/MG,camara,EMC,http://www.camara.gov.br/proposicoesWeb/prop_mostrarintegra?codteor=1757540,-1
2192459,2205700,2019-05-30,120,PEC00619,Jerônimo Goergen - PP/RS,camara,EMC,http://www.camara.gov.br/proposicoesWeb/prop_mostrarintegra?codteor=1757552,-1
2192459,2205701,2019-05-30,121,PEC00619,Jerônimo Goergen - PP/RS,camara,EMC,http://www.camara.gov.br/proposicoesWeb/prop_mostrarintegra?codteor=1757553,-1
2192459,2205702,2019-05-30,122,PEC00619,Jerônimo Goergen - PP/RS,camara,EMC,http://www.camara.gov.br/proposicoesWeb/prop_mostrarintegra?codteor=1757555,-1
2192459,2205705,2019-05-30,123,PEC00619,Jerônimo Goergen - PP/RS,camara,EMC,http://www.camara.gov.br/proposicoesWeb/prop_mostrarintegra?codteor=1757557,-1
2192459,2205707,2019-05-30,124,PEC00619,Jerônimo Goergen - PP/RS,camara,EMC,http://www.camara.gov.br/proposicoesWeb/prop_mostrarintegra?codteor=1757559,-1
2192459,2205711,2019-05-30,125,PEC00619,Jerônimo Goergen - PP/RS,camara,EMC,http://www.camara.gov.br/proposicoesWeb/prop_mostrarintegra?codteor=1757560,-1
2192459,2205720,2019-05-30,126,PEC00619,Junior Lourenço - PL/MA,camara,EMC,http://www.camara.gov.br/proposicoesWeb/prop_mostrarintegra?codteor=1757580,-1
2192459,2205723,2019-05-30,127,PEC00619,Junior Lourenço - PL/MA,camara,EMC,http://www.camara.gov.br/proposicoesWeb/prop_mostrarintegra?codteor=1757585,-1
2192459,2205727,2019-05-30,128,PEC00619,Guilherme Derrite - PP/SP,camara,EMC,http://www.camara.gov.br/proposicoesWeb/prop_mostrarintegra?codteor=1757595,-1
2192459,2205728,2019-05-30,129,PEC00619,"Ivan Valente - PSOL/SP, Fernanda Melchionna - PSOL/RS, Áurea Carolina - PSOL/MG, David Miranda - PSOL/RJ, Edmilson Rodrigues - PSOL/PA, Glauber Braga - PSOL/RJ, Luiza Erundina - PSOL/SP, Marcelo Freixo - PSOL/RJ, Sâmia Bomfim - PSOL/SP, Talíria Petrone - PSOL/RJ",camara,EMC,http://www.camara.gov.br/proposicoesWeb/prop_mostrarintegra?codteor=1757599,-1
2192459,2205731,2019-05-30,130,PEC00619,"Ivan Valente - PSOL/SP, Fernanda Melchionna - PSOL/RS, Áurea Carolina - PSOL/MG, David Miranda - PSOL/RJ, Edmilson Rodrigues - PSOL/PA, Glauber Braga - PSOL/RJ, Luiza Erundina - PSOL/SP, Marcelo Freixo - PSOL/RJ, Sâmia Bomfim - PSOL/SP, Talíria Petrone - PSOL/RJ",camara,EMC,http://www.camara.gov.br/proposicoesWeb/prop_mostrarintegra?codteor=1757604,-1
2192459,2205732,2019-05-30,131,PEC00619,"Ivan Valente - PSOL/SP, Fernanda Melchionna - PSOL/RS, Áurea Carolina - PSOL/MG, David Miranda - PSOL/RJ, Edmilson Rodrigues - PSOL/PA, Glauber Braga - PSOL/RJ, Luiza Erundina - PSOL/SP, Marcelo Freixo - PSOL/RJ, Sâmia Bomfim - PSOL/SP, Talíria Petrone - PSOL/RJ",camara,EMC,http://www.camara.gov.br/proposicoesWeb/prop_mostrarintegra?codteor=1757608,-1
2192459,2205733,2019-05-30,132,PEC00619,"Ivan Valente - PSOL/SP, Fernanda Melchionna - PSOL/RS, Áurea Carolina - PSOL/MG, David Miranda - PSOL/RJ, Edmilson Rodrigues - PSOL/PA, Glauber Braga - PSOL/RJ, Luiza Erundina - PSOL/SP, Marcelo Freixo - PSOL/RJ, Sâmia Bomfim - PSOL/SP, Talíria Petrone - PSOL/RJ",camara,EMC,http://www.camara.gov.br/proposicoesWeb/prop_mostrarintegra?codteor=1757610,-1
2192459,2205734,2019-05-30,133,PEC00619,Herculano Passos - MDB/SP,camara,EMC,http://www.camara.gov.br/proposicoesWeb/prop_mostrarintegra?codteor=1757611,-1
2192459,2205737,2019-05-30,134,PEC00619,Idilvan Alencar - PDT/CE,camara,EMC,http://www.camara.gov.br/proposicoesWeb/prop_mostrarintegra?codteor=1757616,-1
2192459,2205740,2019-05-30,135,PEC00619,Carlos Sampaio - PSDB/SP,camara,EMC,http://www.camara.gov.br/proposicoesWeb/prop_mostrarintegra?codteor=1757623,-1
2192459,2205741,2019-05-30,136,PEC00619,Carlos Sampaio - PSDB/SP,camara,EMC,http://www.camara.gov.br/proposicoesWeb/prop_mostrarintegra?codteor=1757625,-1
2192459,2205742,2019-05-30,137,PEC00619,Carlos Sampaio - PSDB/SP,camara,EMC,http://www.camara.gov.br/proposicoesWeb/prop_mostrarintegra?codteor=1757629,-1
2192459,2205743,2019-05-30,138,PEC00619,"Vinicius Poit - NOVO/SP, Adriana Ventura - NOVO/SP, Alexis Fonteyne - NOVO/SP, Gilson Marques - NOVO/SC, Lucas Gonzalez - NOVO/MG, Marcel Van Hattem - NOVO/RS, Paulo Ganime - NOVO/RJ, Tiago Mitraud - NOVO/MG",camara,EMC,http://www.camara.gov.br/proposicoesWeb/prop_mostrarintegra?codteor=1757631,-1
2192459,2205744,2019-05-30,139,PEC00619,"Vinicius Poit - NOVO/SP, Adriana Ventura - NOVO/SP, Alexis Fonteyne - NOVO/SP, Lucas Gonzalez - NOVO/MG, Paulo Ganime - NOVO/RJ, Gilson Marques - NOVO/SC, Marcel Van Hattem - NOVO/RS, Tiago Mitraud - NOVO/MG",camara,EMC,http://www.camara.gov.br/proposicoesWeb/prop_mostrarintegra?codteor=1757634,-1
2192459,2205745,2019-05-30,140,PEC00619,Euclydes Pettersen - PSC/MG,camara,EMC,http://www.camara.gov.br/proposicoesWeb/prop_mostrarintegra?codteor=1757637,-1
2192459,2205747,2019-05-30,141,PEC00619,Cleber Verde - PRB/MA,camara,EMC,http://www.camara.gov.br/proposicoesWeb/prop_mostrarintegra?codteor=1757640,-1
2192459,2205751,2019-05-30,142,PEC00619,Cleber Verde - PRB/MA,camara,EMC,http://www.camara.gov.br/proposicoesWeb/prop_mostrarintegra?codteor=1757646,-1
2192459,2205752,2019-05-30,143,PEC00619,Cleber Verde - PRB/MA,camara,EMC,http://www.camara.gov.br/proposicoesWeb/prop_mostrarintegra?codteor=1757647,-1
2192459,2205759,2019-05-30,144,PEC00619,Daniel Freitas - PSL/SC,camara,EMC,http://www.camara.gov.br/proposicoesWeb/prop_mostrarintegra?codteor=1757663,-1
2192459,2205762,2019-05-30,145,PEC00619,Daniel Silveira - PSL/RJ,camara,EMC,http://www.camara.gov.br/proposicoesWeb/prop_mostrarintegra?codteor=1757671,-1
2192459,2205763,2019-05-30,146,PEC00619,Elmar Nascimento - DEM/BA,camara,EMC,http://www.camara.gov.br/proposicoesWeb/prop_mostrarintegra?codteor=1757672,-1
2192459,2205764,2019-05-30,147,PEC00619,"Wellington Roberto - PL/PB, Nelson Pellegrino - PT/BA",camara,EMC,http://www.camara.gov.br/proposicoesWeb/prop_mostrarintegra?codteor=1757673,-1
2192459,2205765,2019-05-30,148,PEC00619,Weliton Prado - PROS/MG,camara,EMC,http://www.camara.gov.br/proposicoesWeb/prop_mostrarintegra?codteor=1757676,-1
2192459,2205766,2019-05-30,149,PEC00619,Zé Silva - SOLIDARI/MG,camara,EMC,http://www.camara.gov.br/proposicoesWeb/prop_mostrarintegra?codteor=1757681,-1
2192459,2205767,2019-05-30,150,PEC00619,Júlio Delgado - PSB/MG,camara,EMC,http://www.camara.gov.br/proposicoesWeb/prop_mostrarintegra?codteor=1757687,-1
2192459,2205778,2019-05-30,151,PEC00619,Francisco Jr. - PSD/GO,camara,EMC,http://www.camara.gov.br/proposicoesWeb/prop_mostrarintegra?codteor=1757715,-1
2192459,2205779,2019-05-30,152,PEC00619,Sidney Leite - PSD/AM,camara,EMC,http://www.camara.gov.br/proposicoesWeb/prop_mostrarintegra?codteor=1757716,-1
2192459,2205780,2019-05-30,153,PEC00619,Sidney Leite - PSD/AM,camara,EMC,http://www.camara.gov.br/proposicoesWeb/prop_mostrarintegra?codteor=1757719,-1
2192459,2205783,2019-05-30,154,PEC00619,Sidney Leite - PSD/AM,camara,EMC,http://www.camara.gov.br/proposicoesWeb/prop_mostrarintegra?codteor=1757723,-1
2192459,2205785,2019-05-30,155,PEC00619,Sidney Leite - PSD/AM,camara,EMC,http://www.camara.gov.br/proposicoesWeb/prop_mostrarintegra?codteor=1757727,-1
2192459,2205786,2019-05-30,156,PEC00619,Jorge Solla - PT/BA,camara,EMC,http://www.camara.gov.br/proposicoesWeb/prop_mostrarintegra?codteor=1757728,-1
2192459,2205789,2019-05-30,157,PEC00619,Capitão Wagner - PROS/CE,camara,EMC,http://www.camara.gov.br/proposicoesWeb/prop_mostrarintegra?codteor=1757735,-1
2192459,2205792,2019-05-30,158,PEC00619,Aguinaldo Ribeiro - PP/PB,camara,EMC,http://www.camara.gov.br/proposicoesWeb/prop_mostrarintegra?codteor=1757740,-1
2192459,2205795,2019-05-30,159,PEC00619,Roberto Pessoa - PSDB/CE,camara,EMC,http://www.camara.gov.br/proposicoesWeb/prop_mostrarintegra?codteor=1757753,-1
2192459,2205799,2019-05-30,160,PEC00619,Sebastião Oliveira - PL/PE,camara,EMC,http://www.camara.gov.br/proposicoesWeb/prop_mostrarintegra?codteor=1757762,-1
2192459,2205802,2019-05-30,161,PEC00619,Isnaldo Bulhões Jr. - MDB/AL,camara,EMC,http://www.camara.gov.br/proposicoesWeb/prop_mostrarintegra?codteor=1757766,-1
2192459,2205809,2019-05-30,162,PEC00619,Renata Abreu - PODE/SP,camara,EMC,http://www.camara.gov.br/proposicoesWeb/prop_mostrarintegra?codteor=1757776,-1
2192459,2205812,2019-05-30,163,PEC00619,Renata Abreu - PODE/SP,camara,EMC,http://www.camara.gov.br/proposicoesWeb/prop_mostrarintegra?codteor=1757781,-1
2192459,2205814,2019-05-30,164,PEC00619,Renata Abreu - PODE/SP,camara,EMC,http://www.camara.gov.br/proposicoesWeb/prop_mostrarintegra?codteor=1757786,-1
2192459,2205815,2019-05-30,165,PEC00619,Luciano Ducci - PSB/PR,camara,EMC,http://www.camara.gov.br/proposicoesWeb/prop_mostrarintegra?codteor=1757788,-1
2192459,2205816,2019-05-30,166,PEC00619,Luciano Ducci - PSB/PR,camara,EMC,http://www.camara.gov.br/proposicoesWeb/prop_mostrarintegra?codteor=1757791,-1
2192459,2205818,2019-05-30,167,PEC00619,Luciano Ducci - PSB/PR,camara,EMC,http://www.camara.gov.br/proposicoesWeb/prop_mostrarintegra?codteor=1757795,-1
2192459,2205821,2019-05-30,168,PEC00619,Luciano Ducci - PSB/PR,camara,EMC,http://www.camara.gov.br/proposicoesWeb/prop_mostrarintegra?codteor=1757798,-1
2192459,2205822,2019-05-30,169,PEC00619,Luciano Ducci - PSB/PR,camara,EMC,http://www.camara.gov.br/proposicoesWeb/prop_mostrarintegra?codteor=1757799,-1
2192459,2205830,2019-05-30,170,PEC00619,Valtenir Pereira - MDB/MT,camara,EMC,http://www.camara.gov.br/proposicoesWeb/prop_mostrarintegra?codteor=1757815,-1
2192459,2205832,2019-05-30,171,PEC00619,Soraya Santos - PL/RJ,camara,EMC,http://www.camara.gov.br/proposicoesWeb/prop_mostrarintegra?codteor=1757817,-1
2192459,2205836,2019-05-30,172,PEC00619,Soraya Santos - PL/RJ,camara,EMC,http://www.camara.gov.br/proposicoesWeb/prop_mostrarintegra?codteor=1757822,-1
2192459,2205839,2019-05-30,173,PEC00619,Soraya Santos - PL/RJ,camara,EMC,http://www.camara.gov.br/proposicoesWeb/prop_mostrarintegra?codteor=1757829,-1
2192459,2205842,2019-05-30,174,PEC00619,Soraya Santos - PL/RJ,camara,EMC,http://www.camara.gov.br/proposicoesWeb/prop_mostrarintegra?codteor=1757835,-1
2192459,2205850,2019-05-30,175,PEC00619,Túlio Gadêlha - PDT/PE,camara,EMC,http://www.camara.gov.br/proposicoesWeb/prop_mostrarintegra?codteor=1757847,-1
2192459,2205853,2019-05-30,176,PEC00619,Wellington Roberto - PL/PB,camara,EMC,http://www.camara.gov.br/proposicoesWeb/prop_mostrarintegra?codteor=1757852,-1
2192459,2205858,2019-05-30,177,PEC00619,"Wellington Roberto - PL/PB, João Maia - PL/RN",camara,EMC,http://www.camara.gov.br/proposicoesWeb/prop_mostrarintegra?codteor=1757862,-1
2192459,2205861,2019-05-30,178,PEC00619,Greyce Elias - AVANTE/MG,camara,EMC,http://www.camara.gov.br/proposicoesWeb/prop_mostrarintegra?codteor=1757867,-1
2192459,2205863,2019-05-30,179,PEC00619,Paulo Abi-Ackel - PSDB/MG,camara,EMC,http://www.camara.gov.br/proposicoesWeb/prop_mostrarintegra?codteor=1757870,-1
2192459,2205864,2019-05-30,180,PEC00619,Dagoberto Nogueira - PDT/MS,camara,EMC,http://www.camara.gov.br/proposicoesWeb/prop_mostrarintegra?codteor=1757872,-1
2192459,2205866,2019-05-30,181,PEC00619,Dagoberto Nogueira - PDT/MS,camara,EMC,http://www.camara.gov.br/proposicoesWeb/prop_mostrarintegra?codteor=1757874,-1
2192459,2205875,2019-05-30,182,PEC00619,Diego Andrade - PSD/MG,camara,EMC,http://www.camara.gov.br/proposicoesWeb/prop_mostrarintegra?codteor=1757926,-1
2192459,2205876,2019-05-30,183,PEC00619,"Mara Rocha - PSDB/AC, Bia Cavassa - PSDB/MS, Edna Henrique - PSDB/PB, Rose Modesto - PSDB/MS, Tereza Nelma - PSDB/AL",camara,EMC,http://www.camara.gov.br/proposicoesWeb/prop_mostrarintegra?codteor=1757927,-1
2192459,2205877,2019-05-30,184,PEC00619,Marília Arraes - PT/PE,camara,EMC,http://www.camara.gov.br/proposicoesWeb/prop_mostrarintegra?codteor=1757930,-1
2192459,2205878,2019-05-30,185,PEC00619,Marília Arraes - PT/PE,camara,EMC,http://www.camara.gov.br/proposicoesWeb/prop_mostrarintegra?codteor=1757932,-1
2192459,2205880,2019-05-30,186,PEC00619,Júlio Delgado - PSB/MG,camara,EMC,http://www.camara.gov.br/proposicoesWeb/prop_mostrarintegra?codteor=1757938,-1
2192459,2205882,2019-05-30,187,PEC00619,"Pedro Lucas Fernandes - PTB/MA, Eduardo Costa - PTB/PA, Luisa Canziani - PTB/PR, Emanuel Pinheiro Neto - PTB/MT, Marcelo Moraes - PTB/RS, Maurício Dziedricki - PTB/RS, Paulo Bengtson - PTB/PA, Santini - PTB/RS, Nivaldo Albuquerque - PTB/AL, Pedro Augusto Bezerra - PTB/CE, Wilson Santiago - PTB/PB",camara,EMC,http://www.camara.gov.br/proposicoesWeb/prop_mostrarintegra?codteor=1757943,-1
2192459,2205885,2019-05-30,188,PEC00619,Christino Aureo - PP/RJ,camara,EMC,http://www.camara.gov.br/proposicoesWeb/prop_mostrarintegra?codteor=1757945,-1
2192459,2205886,2019-05-30,189,PEC00619,"Daniel Almeida - PCdoB/BA, Alice Portugal - PCdoB/BA, Jandira Feghali - PCdoB/RJ, Perpétua Almeida - PCdoB/AC, Professora Marcivania - PCdoB/AP, Márcio Jerry - PCdoB/MA, Orlando Silva - PCdoB/SP, Renildo Calheiros - PCdoB/PE",camara,EMC,http://www.camara.gov.br/proposicoesWeb/prop_mostrarintegra?codteor=1757946,-1
2192459,2205887,2019-05-30,190,PEC00619,Daniel Almeida - PCdoB/BA,camara,EMC,http://www.camara.gov.br/proposicoesWeb/prop_mostrarintegra?codteor=1757947,-1
2192459,2205892,2019-05-30,191,PEC00619,"Daniel Almeida - PCdoB/BA, Alice Portugal - PCdoB/BA, Jandira Feghali - PCdoB/RJ, Perpétua Almeida - PCdoB/AC, Professora Marcivania - PCdoB/AP, Márcio Jerry - PCdoB/MA, Orlando Silva - PCdoB/SP, Renildo Calheiros - PCdoB/PE",camara,EMC,http://www.camara.gov.br/proposicoesWeb/prop_mostrarintegra?codteor=1757957,-1
2192459,2205893,2019-05-30,192,PEC00619,"Daniel Almeida - PCdoB/BA, Alice Portugal - PCdoB/BA, Jandira Feghali - PCdoB/RJ, Perpétua Almeida - PCdoB/AC, Professora Marcivania - PCdoB/AP, Márcio Jerry - PCdoB/MA, Orlando Silva - PCdoB/SP, Renildo Calheiros - PCdoB/PE",camara,EMC,http://www.camara.gov.br/proposicoesWeb/prop_mostrarintegra?codteor=1757960,-1
2192459,2205894,2019-05-30,193,PEC00619,"Daniel Almeida - PCdoB/BA, Alice Portugal - PCdoB/BA, Jandira Feghali - PCdoB/RJ, Perpétua Almeida - PCdoB/AC, Professora Marcivania - PCdoB/AP, Márcio Jerry - PCdoB/MA, Orlando Silva - PCdoB/SP, Renildo Calheiros - PCdoB/PE",camara,EMC,http://www.camara.gov.br/proposicoesWeb/prop_mostrarintegra?codteor=1757961,-1
2192459,2205895,2019-05-30,194,PEC00619,"Daniel Almeida - PCdoB/BA, Alice Portugal - PCdoB/BA, Jandira Feghali - PCdoB/RJ, Perpétua Almeida - PCdoB/AC, Professora Marcivania - PCdoB/AP, Márcio Jerry - PCdoB/MA, Orlando Silva - PCdoB/SP, Renildo Calheiros - PCdoB/PE",camara,EMC,http://www.camara.gov.br/proposicoesWeb/prop_mostrarintegra?codteor=1757964,-1
2192459,2205899,2019-05-30,195,PEC00619,Baleia Rossi - MDB/SP,camara,EMC,http://www.camara.gov.br/proposicoesWeb/prop_mostrarintegra?codteor=1757967,-1
2192459,2205900,2019-05-30,196,PEC00619,Kim Kataguiri - DEM/SP,camara,EMC,http://www.camara.gov.br/proposicoesWeb/prop_mostrarintegra?codteor=1757970,-1
2192459,2205907,2019-05-30,197,PEC00619,Domingos Sávio - PSDB/MG,camara,EMC,http://www.camara.gov.br/proposicoesWeb/prop_mostrarintegra?codteor=1757978,-1
2192459,2205912,2019-05-30,198,PEC00619,Marcelo Aro - PP/MG,camara,EMC,http://www.camara.gov.br/proposicoesWeb/prop_mostrarintegra?codteor=1757989,-1
2192459,2205913,2019-05-30,199,PEC00619,Marcelo Aro - PP/MG,camara,EMC,http://www.camara.gov.br/proposicoesWeb/prop_mostrarintegra?codteor=1757991,-1
2192459,2205914,2019-05-30,200,PEC00619,Domingos Neto - PSD/CE,camara,EMC,http://www.camara.gov.br/proposicoesWeb/prop_mostrarintegra?codteor=1757994,-1
2192459,2205915,2019-05-30,201,PEC00619,Domingos Neto - PSD/CE,camara,EMC,http://www.camara.gov.br/proposicoesWeb/prop_mostrarintegra?codteor=1758985,-1
2192459,2205916,2019-05-30,202,PEC00619,Lincoln Portela - PL/MG,camara,EMC,http://www.camara.gov.br/proposicoesWeb/prop_mostrarintegra?codteor=1758016,-1
2192459,2205917,2019-05-30,203,PEC00619,Isnaldo Bulhões Jr. - MDB/AL,camara,EMC,http://www.camara.gov.br/proposicoesWeb/prop_mostrarintegra?codteor=1758018,-1
2192459,2205918,2019-05-30,204,PEC00619,Tiago Dimas - SOLIDARI/TO,camara,EMC,http://www.camara.gov.br/proposicoesWeb/prop_mostrarintegra?codteor=1758019,-1
2192459,2205919,2019-05-30,205,PEC00619,Tiago Dimas - SOLIDARI/TO,camara,EMC,http://www.camara.gov.br/proposicoesWeb/prop_mostrarintegra?codteor=1758020,-1
2192459,2205920,2019-05-30,206,PEC00619,Dagoberto Nogueira - PDT/MS,camara,EMC,http://www.camara.gov.br/proposicoesWeb/prop_mostrarintegra?codteor=1758023,-1
2192459,2205921,2019-05-30,207,PEC00619,Dagoberto Nogueira - PDT/MS,camara,EMC,http://www.camara.gov.br/proposicoesWeb/prop_mostrarintegra?codteor=1758024,-1
2192459,2205922,2019-05-30,208,PEC00619,Boca Aberta - PROS/PR,camara,EMC,http://www.camara.gov.br/proposicoesWeb/prop_mostrarintegra?codteor=1758027,-1
2192459,2205923,2019-05-30,209,PEC00619,Boca Aberta - PROS/PR,camara,EMC,http://www.camara.gov.br/proposicoesWeb/prop_mostrarintegra?codteor=1758029,-1
2192459,2205924,2019-05-30,210,PEC00619,Valdevan Noventa - PSC/SE,camara,EMC,http://www.camara.gov.br/proposicoesWeb/prop_mostrarintegra?codteor=1758030,-1
2192459,2205926,2019-05-30,211,PEC00619,Denis Bezerra - PSB/CE,camara,EMC,http://www.camara.gov.br/proposicoesWeb/prop_mostrarintegra?codteor=1758034,-1
2192459,2205929,2019-05-30,212,PEC00619,Guilherme Derrite - PP/SP,camara,EMC,http://www.camara.gov.br/proposicoesWeb/prop_mostrarintegra?codteor=1758036,-1
2192459,2205930,2019-05-30,213,PEC00619,Celina Leão - PP/DF,camara,EMC,http://www.camara.gov.br/proposicoesWeb/prop_mostrarintegra?codteor=1758037,-1
2192459,2205931,2019-05-30,214,PEC00619,Denis Bezerra - PSB/CE,camara,EMC,http://www.camara.gov.br/proposicoesWeb/prop_mostrarintegra?codteor=1758038,-1
2192459,2205932,2019-05-30,215,PEC00619,Coronel Tadeu - PSL/SP,camara,EMC,http://www.camara.gov.br/proposicoesWeb/prop_mostrarintegra?codteor=1758039,-1
2192459,2205933,2019-05-30,216,PEC00619,Professora Dorinha Seabra Rezende - DEM/TO,camara,EMC,http://www.camara.gov.br/proposicoesWeb/prop_mostrarintegra?codteor=1758041,-1
2192459,2205934,2019-05-30,217,PEC00619,Professora Dorinha Seabra Rezende - DEM/TO,camara,EMC,http://www.camara.gov.br/proposicoesWeb/prop_mostrarintegra?codteor=1758042,-1
2192459,2205935,2019-05-30,218,PEC00619,Professora Dorinha Seabra Rezende - DEM/TO,camara,EMC,http://www.camara.gov.br/proposicoesWeb/prop_mostrarintegra?codteor=1758045,-1
2192459,2205936,2019-05-30,219,PEC00619,Professora Dorinha Seabra Rezende - DEM/TO,camara,EMC,http://www.camara.gov.br/proposicoesWeb/prop_mostrarintegra?codteor=1758046,-1
2192459,2205937,2019-05-30,220,PEC00619,Joseildo Ramos - PT/BA,camara,EMC,http://www.camara.gov.br/proposicoesWeb/prop_mostrarintegra?codteor=1758047,-1
2192459,2205938,2019-05-30,221,PEC00619,Fernando Rodolfo - PL/PE,camara,EMC,http://www.camara.gov.br/proposicoesWeb/prop_mostrarintegra?codteor=1758048,-1
2192459,2205939,2019-05-30,222,PEC00619,Fernando Rodolfo - PL/PE,camara,EMC,http://www.camara.gov.br/proposicoesWeb/prop_mostrarintegra?codteor=1758049,-1
2192459,2205941,2019-05-30,223,PEC00619,Fernando Rodolfo - PL/PE,camara,EMC,http://www.camara.gov.br/proposicoesWeb/prop_mostrarintegra?codteor=1758050,-1
2192459,2205942,2019-05-30,224,PEC00619,Iracema Portella - PP/PI,camara,EMC,http://www.camara.gov.br/proposicoesWeb/prop_mostrarintegra?codteor=1758052,-1
2192459,2205943,2019-05-30,225,PEC00619,Iracema Portella - PP/PI,camara,EMC,http://www.camara.gov.br/proposicoesWeb/prop_mostrarintegra?codteor=1758053,-1
2192459,2205944,2019-05-30,226,PEC00619,Josimar Maranhãozinho - PL/MA,camara,EMC,http://www.camara.gov.br/proposicoesWeb/prop_mostrarintegra?codteor=1758058,-1
2192459,2205945,2019-05-30,227,PEC00619,Josimar Maranhãozinho - PL/MA,camara,EMC,http://www.camara.gov.br/proposicoesWeb/prop_mostrarintegra?codteor=1758070,-1
2192459,2205946,2019-05-30,228,PEC00619,"Paulo Pimenta - PT/RS, Afonso Florence - PT/BA, Airton Faleiro - PT/PA, Alencar Santana Braga - PT/SP, Alexandre Padilha - PT/SP, Arlindo Chinaglia - PT/SP, Assis Carvalho - PT/PI, Benedita da Silva - PT/RJ, Beto Faro - PT/PA, Bohn Gass - PT/RS, Carlos Veras - PT/PE, Carlos Zarattini - PT/SP, Célio Moura - PT/TO, Enio Verri - PT/PR, Erika Kokay - PT/DF, Frei Anastacio Ribeiro - PT/PB, Gleisi Hoffmann - PT/PR, Helder Salomão - PT/ES, Henrique Fontana - PT/RS, João Daniel - PT/SE, Jorge Solla - PT/BA, José Guimarães - PT/CE, José Ricardo - PT/AM, Joseildo Ramos - PT/BA, Leonardo Monteiro - PT/MG, Luizianne Lins - PT/CE, Marcon - PT/RS, Margarida Salomão - PT/MG, Maria do Rosário - PT/RS, Marília Arraes - PT/PE, Merlong Solano - PT/PI, Natália Bonavides - PT/RN, Nelson Pellegrino - PT/BA, Nilto Tatto - PT/SP, Odair Cunha - PT/MG, Padre João - PT/MG, Patrus Ananias - PT/MG, Paulão - PT/AL, Paulo Guedes - PT/MG, Paulo Teixeira - PT/SP, Pedro Uczai - PT/SC, Professora Rosa Neide - PT/MT, Reginaldo Lopes - PT/MG, Rejane Dias - PT/PI, Rogério Correia - PT/MG, Rubens Otoni - PT/GO, Rui Falcão - PT/SP, Valmir Assunção - PT/BA, Vander Loubet - PT/MS, Vicentinho - PT/SP, Waldenor Pereira - PT/BA, Zé Carlos - PT/MA, Zé Neto - PT/BA, Zeca Dirceu - PT/PR",camara,EMC,http://www.camara.gov.br/proposicoesWeb/prop_mostrarintegra?codteor=1758100,-1
2192459,2205947,2019-05-30,229,PEC00619,"Paulo Pimenta - PT/RS, Afonso Florence - PT/BA, Airton Faleiro - PT/PA, Alencar Santana Braga - PT/SP, Alexandre Padilha - PT/SP, Arlindo Chinaglia - PT/SP, Assis Carvalho - PT/PI, Benedita da Silva - PT/RJ, Beto Faro - PT/PA, Bohn Gass - PT/RS, Carlos Veras - PT/PE, Carlos Zarattini - PT/SP, Célio Moura - PT/TO, Enio Verri - PT/PR, Erika Kokay - PT/DF, Frei Anastacio Ribeiro - PT/PB, Gleisi Hoffmann - PT/PR, Helder Salomão - PT/ES, Henrique Fontana - PT/RS, João Daniel - PT/SE, Jorge Solla - PT/BA, José Guimarães - PT/CE, José Ricardo - PT/AM, Joseildo Ramos - PT/BA, Leonardo Monteiro - PT/MG, Luizianne Lins - PT/CE, Marcon - PT/RS, Margarida Salomão - PT/MG, Maria do Rosário - PT/RS, Marília Arraes - PT/PE, Merlong Solano - PT/PI, Natália Bonavides - PT/RN, Nelson Pellegrino - PT/BA, Nilto Tatto - PT/SP, Odair Cunha - PT/MG, Padre João - PT/MG, Patrus Ananias - PT/MG, Paulão - PT/AL, Paulo Guedes - PT/MG, Paulo Teixeira - PT/SP, Pedro Uczai - PT/SC, Professora Rosa Neide - PT/MT, Reginaldo Lopes - PT/MG, Rejane Dias - PT/PI, Rogério Correia - PT/MG, Rubens Otoni - PT/GO, Rui Falcão - PT/SP, Valmir Assunção - PT/BA, Vander Loubet - PT/MS, Vicentinho - PT/SP, Waldenor Pereira - PT/BA, Zé Carlos - PT/MA, Zé Neto - PT/BA, Zeca Dirceu - PT/PR",camara,EMC,http://www.camara.gov.br/proposicoesWeb/prop_mostrarintegra?codteor=1758102,-1
2192459,2205948,2019-05-30,230,PEC00619,"Paulo Pimenta - PT/RS, Zeca Dirceu - PT/PR, Zé Neto - PT/BA, Zé Carlos - PT/MA, Waldenor Pereira - PT/BA, Vicentinho - PT/SP, Vander Loubet - PT/MS, Valmir Assunção - PT/BA, Rui Falcão - PT/SP, Rubens Otoni - PT/GO, Rogério Correia - PT/MG, Rejane Dias - PT/PI, Reginaldo Lopes - PT/MG, Professora Rosa Neide - PT/MT, Pedro Uczai - PT/SC, Paulo Teixeira - PT/SP, Paulo Guedes - PT/MG, Paulão - PT/AL, Patrus Ananias - PT/MG, Padre João - PT/MG, Odair Cunha - PT/MG, Nilto Tatto - PT/SP, Nelson Pellegrino - PT/BA, Natália Bonavides - PT/RN, Merlong Solano - PT/PI, Marília Arraes - PT/PE, Maria do Rosário - PT/RS, Margarida Salomão - PT/MG, Marcon - PT/RS, Luizianne Lins - PT/CE, Leonardo Monteiro - PT/MG, Joseildo Ramos - PT/BA, José Ricardo - PT/AM, José Guimarães - PT/CE, Jorge Solla - PT/BA, João Daniel - PT/SE, Henrique Fontana - PT/RS, Helder Salomão - PT/ES, Gleisi Hoffmann - PT/PR, Frei Anastacio Ribeiro - PT/PB, Erika Kokay - PT/DF, Enio Verri - PT/PR, Célio Moura - PT/TO, Carlos Zarattini - PT/SP, Carlos Veras - PT/PE, Bohn Gass - PT/RS, Beto Faro - PT/PA, Benedita da Silva - PT/RJ, Assis Carvalho - PT/PI, Arlindo Chinaglia - PT/SP, Alexandre Padilha - PT/SP, Alencar Santana Braga - PT/SP, Airton Faleiro - PT/PA, Afonso Florence - PT/BA",camara,EMC,http://www.camara.gov.br/proposicoesWeb/prop_mostrarintegra?codteor=1758104,-1
2192459,2205949,2019-05-30,231,PEC00619,"Paulo Pimenta - PT/RS, Afonso Florence - PT/BA, Airton Faleiro - PT/PA, Alencar Santana Braga - PT/SP, Alexandre Padilha - PT/SP, Arlindo Chinaglia - PT/SP, Assis Carvalho - PT/PI, Benedita da Silva - PT/RJ, Beto Faro - PT/PA, Bohn Gass - PT/RS, Carlos Veras - PT/PE, Carlos Zarattini - PT/SP, Célio Moura - PT/TO, Enio Verri - PT/PR, Erika Kokay - PT/DF, Frei Anastacio Ribeiro - PT/PB, Gleisi Hoffmann - PT/PR, Helder Salomão - PT/ES, Henrique Fontana - PT/RS, João Daniel - PT/SE, Jorge Solla - PT/BA, José Guimarães - PT/CE, José Ricardo - PT/AM, Joseildo Ramos - PT/BA, Leonardo Monteiro - PT/MG, Luizianne Lins - PT/CE, Marcon - PT/RS, Margarida Salomão - PT/MG, Maria do Rosário - PT/RS, Marília Arraes - PT/PE, Merlong Solano - PT/PI, Natália Bonavides - PT/RN, Nelson Pellegrino - PT/BA, Nilto Tatto - PT/SP, Odair Cunha - PT/MG, Padre João - PT/MG, Patrus Ananias - PT/MG, Paulão - PT/AL, Paulo Guedes - PT/MG, Paulo Teixeira - PT/SP, Pedro Uczai - PT/SC, Professora Rosa Neide - PT/MT, Reginaldo Lopes - PT/MG, Rejane Dias - PT/PI, Rogério Correia - PT/MG, Rubens Otoni - PT/GO, Rui Falcão - PT/SP, Valmir Assunção - PT/BA, Vander Loubet - PT/MS, Vicentinho - PT/SP, Waldenor Pereira - PT/BA, Zé Carlos - PT/MA, Zé Neto - PT/BA, Zeca Dirceu - PT/PR",camara,EMC,http://www.camara.gov.br/proposicoesWeb/prop_mostrarintegra?codteor=1758107,-1
2192459,2205950,2019-05-30,232,PEC00619,"Paulo Pimenta - PT/RS, Afonso Florence - PT/BA, Airton Faleiro - PT/PA, Alencar Santana Braga - PT/SP, Alexandre Padilha - PT/SP, Arlindo Chinaglia - PT/SP, Assis Carvalho - PT/PI, Benedita da Silva - PT/RJ, Beto Faro - PT/PA, Bohn Gass - PT/RS, Carlos Veras - PT/PE, Carlos Zarattini - PT/SP, Célio Moura - PT/TO, Enio Verri - PT/PR, Erika Kokay - PT/DF, Frei Anastacio Ribeiro - PT/PB, Gleisi Hoffmann - PT/PR, Helder Salomão - PT/ES, Henrique Fontana - PT/RS, João Daniel - PT/SE, Jorge Solla - PT/BA, José Guimarães - PT/CE, José Ricardo - PT/AM, Joseildo Ramos - PT/BA, Leonardo Monteiro - PT/MG, Luizianne Lins - PT/CE, Marcon - PT/RS, Margarida Salomão - PT/MG, Maria do Rosário - PT/RS, Marília Arraes - PT/PE, Merlong Solano - PT/PI, Natália Bonavides - PT/RN, Nelson Pellegrino - PT/BA, Nilto Tatto - PT/SP, Odair Cunha - PT/MG, Padre João - PT/MG, Patrus Ananias - PT/MG, Paulão - PT/AL, Paulo Guedes - PT/MG, Paulo Teixeira - PT/SP, Pedro Uczai - PT/SC, Professora Rosa Neide - PT/MT, Reginaldo Lopes - PT/MG, Rogério Correia - PT/MG, Rubens Otoni - PT/GO, Rui Falcão - PT/SP, Valmir Assunção - PT/BA, Vander Loubet - PT/MS, Vicentinho - PT/SP, Waldenor Pereira - PT/BA, Zé Carlos - PT/MA, Zé Neto - PT/BA, Zeca Dirceu - PT/PR, Rejane Dias - PT/PI",camara,EMC,http://www.camara.gov.br/proposicoesWeb/prop_mostrarintegra?codteor=1758108,-1
2192459,2205951,2019-05-30,233,PEC00619,"Paulo Pimenta - PT/RS, Afonso Florence - PT/BA, Airton Faleiro - PT/PA, Alencar Santana Braga - PT/SP, Alexandre Padilha - PT/SP, Arlindo Chinaglia - PT/SP, Assis Carvalho - PT/PI, Benedita da Silva - PT/RJ, Beto Faro - PT/PA, Bohn Gass - PT/RS, Carlos Veras - PT/PE, Carlos Zarattini - PT/SP, Célio Moura - PT/TO, Enio Verri - PT/PR, Erika Kokay - PT/DF, Frei Anastacio Ribeiro - PT/PB, Gleisi Hoffmann - PT/PR, Helder Salomão - PT/ES, Henrique Fontana - PT/RS, João Daniel - PT/SE, Jorge Solla - PT/BA, José Guimarães - PT/CE, José Ricardo - PT/AM, Joseildo Ramos - PT/BA, Leonardo Monteiro - PT/MG, Luizianne Lins - PT/CE, Marcon - PT/RS, Margarida Salomão - PT/MG, Maria do Rosário - PT/RS, Marília Arraes - PT/PE, Merlong Solano - PT/PI, Natália Bonavides - PT/RN, Nelson Pellegrino - PT/BA, Nilto Tatto - PT/SP, Odair Cunha - PT/MG, Padre João - PT/MG, Patrus Ananias - PT/MG, Paulão - PT/AL, Paulo Guedes - PT/MG, Paulo Teixeira - PT/SP, Pedro Uczai - PT/SC, Professora Rosa Neide - PT/MT, Reginaldo Lopes - PT/MG, Rejane Dias - PT/PI, Rogério Correia - PT/MG, Rubens Otoni - PT/GO, Rui Falcão - PT/SP, Valmir Assunção - PT/BA, Vander Loubet - PT/MS, Vicentinho - PT/SP, Waldenor Pereira - PT/BA, Zé Carlos - PT/MA, Zé Neto - PT/BA, Zeca Dirceu - PT/PR",camara,EMC,http://www.camara.gov.br/proposicoesWeb/prop_mostrarintegra?codteor=1758110,-1
2192459,2205952,2019-05-30,234,PEC00619,"Paulo Pimenta - PT/RS, Afonso Florence - PT/BA, Airton Faleiro - PT/PA, Alencar Santana Braga - PT/SP, Alexandre Padilha - PT/SP, Arlindo Chinaglia - PT/SP, Assis Carvalho - PT/PI, Benedita da Silva - PT/RJ, Beto Faro - PT/PA, Bohn Gass - PT/RS, Carlos Veras - PT/PE, Carlos Zarattini - PT/SP, Célio Moura - PT/TO, Enio Verri - PT/PR, Erika Kokay - PT/DF, Frei Anastacio Ribeiro - PT/PB, Gleisi Hoffmann - PT/PR, Helder Salomão - PT/ES, Henrique Fontana - PT/RS, João Daniel - PT/SE, Jorge Solla - PT/BA, José Guimarães - PT/CE, José Ricardo - PT/AM, Joseildo Ramos - PT/BA, Leonardo Monteiro - PT/MG, Luizianne Lins - PT/CE, Marcon - PT/RS, Margarida Salomão - PT/MG, Maria do Rosário - PT/RS, Marília Arraes - PT/PE, Merlong Solano - PT/PI, Natália Bonavides - PT/RN, Nelson Pellegrino - PT/BA, Nilto Tatto - PT/SP, Odair Cunha - PT/MG, Padre João - PT/MG, Patrus Ananias - PT/MG, Paulão - PT/AL, Paulo Guedes - PT/MG, Paulo Teixeira - PT/SP, Pedro Uczai - PT/SC, Professora Rosa Neide - PT/MT, Reginaldo Lopes - PT/MG, Rejane Dias - PT/PI, Rogério Correia - PT/MG, Rubens Otoni - PT/GO, Rui Falcão - PT/SP, Valmir Assunção - PT/BA, Vander Loubet - PT/MS, Vicentinho - PT/SP, Waldenor Pereira - PT/BA, Zé Carlos - PT/MA, Zé Neto - PT/BA, Zeca Dirceu - PT/PR",camara,EMC,http://www.camara.gov.br/proposicoesWeb/prop_mostrarintegra?codteor=1758111,-1
2192459,2205953,2019-05-30,235,PEC00619,"Paulo Pimenta - PT/RS, Afonso Florence - PT/BA, Airton Faleiro - PT/PA, Alencar Santana Braga - PT/SP, Alexandre Padilha - PT/SP, Arlindo Chinaglia - PT/SP, Assis Carvalho - PT/PI, Benedita da Silva - PT/RJ, Beto Faro - PT/PA, Bohn Gass - PT/RS, Carlos Veras - PT/PE, Carlos Zarattini - PT/SP, Célio Moura - PT/TO, Enio Verri - PT/PR, Erika Kokay - PT/DF, Frei Anastacio Ribeiro - PT/PB, Gleisi Hoffmann - PT/PR, Helder Salomão - PT/ES, Henrique Fontana - PT/RS, João Daniel - PT/SE, Jorge Solla - PT/BA, José Guimarães - PT/CE, José Ricardo - PT/AM, Joseildo Ramos - PT/BA, Leonardo Monteiro - PT/MG, Luizianne Lins - PT/CE, Marcon - PT/RS, Margarida Salomão - PT/MG, Maria do Rosário - PT/RS, Marília Arraes - PT/PE, Merlong Solano - PT/PI, Natália Bonavides - PT/RN, Nelson Pellegrino - PT/BA, Nilto Tatto - PT/SP, Odair Cunha - PT/MG, Padre João - PT/MG, Patrus Ananias - PT/MG, Paulão - PT/AL, Paulo Guedes - PT/MG, Paulo Teixeira - PT/SP, Pedro Uczai - PT/SC, Professora Rosa Neide - PT/MT, Reginaldo Lopes - PT/MG, Rogério Correia - PT/MG, Rubens Otoni - PT/GO, Rui Falcão - PT/SP, Valmir Assunção - PT/BA, Vander Loubet - PT/MS, Vicentinho - PT/SP, Waldenor Pereira - PT/BA, Zé Carlos - PT/MA, Zé Neto - PT/BA, Zeca Dirceu - PT/PR",camara,EMC,http://www.camara.gov.br/proposicoesWeb/prop_mostrarintegra?codteor=1758113,-1
2192459,2205954,2019-05-30,236,PEC00619,"Paulo Pimenta - PT/RS, Afonso Florence - PT/BA, Airton Faleiro - PT/PA, Alencar Santana Braga - PT/SP, Alexandre Padilha - PT/SP, Arlindo Chinaglia - PT/SP, Assis Carvalho - PT/PI, Benedita da Silva - PT/RJ, Beto Faro - PT/PA, Bohn Gass - PT/RS, Carlos Veras - PT/PE, Carlos Zarattini - PT/SP, Célio Moura - PT/TO, Enio Verri - PT/PR, Erika Kokay - PT/DF, Frei Anastacio Ribeiro - PT/PB, Gleisi Hoffmann - PT/PR, Helder Salomão - PT/ES, Henrique Fontana - PT/RS, João Daniel - PT/SE, Jorge Solla - PT/BA, José Guimarães - PT/CE, José Ricardo - PT/AM, Joseildo Ramos - PT/BA, Leonardo Monteiro - PT/MG, Luizianne Lins - PT/CE, Marcon - PT/RS, Margarida Salomão - PT/MG, Maria do Rosário - PT/RS, Marília Arraes - PT/PE, Merlong Solano - PT/PI, Natália Bonavides - PT/RN, Nelson Pellegrino - PT/BA, Nilto Tatto - PT/SP, Odair Cunha - PT/MG, Padre João - PT/MG, Patrus Ananias - PT/MG, Paulão - PT/AL, Paulo Guedes - PT/MG, Paulo Teixeira - PT/SP, Pedro Uczai - PT/SC, Professora Rosa Neide - PT/MT, Reginaldo Lopes - PT/MG, Rejane Dias - PT/PI, Rogério Correia - PT/MG, Rubens Otoni - PT/GO, Rui Falcão - PT/SP, Valmir Assunção - PT/BA, Vander Loubet - PT/MS, Vicentinho - PT/SP, Waldenor Pereira - PT/BA, Zé Carlos - PT/MA, Zé Neto - PT/BA, Zeca Dirceu - PT/PR",camara,EMC,http://www.camara.gov.br/proposicoesWeb/prop_mostrarintegra?codteor=1758116,-1
2192459,2205955,2019-05-30,237,PEC00619,André Fufuca - PP/MA,camara,EMC,http://www.camara.gov.br/proposicoesWeb/prop_mostrarintegra?codteor=1758119,-1
2192459,2205956,2019-05-30,238,PEC00619,Capitão Wagner - PROS/CE,camara,EMC,http://www.camara.gov.br/proposicoesWeb/prop_mostrarintegra?codteor=1758120,-1
2192459,2205957,2019-05-30,239,PEC00619,Hiran Gonçalves - PP/RR,camara,EMC,http://www.camara.gov.br/proposicoesWeb/prop_mostrarintegra?codteor=1758125,-1
2192459,2205958,2019-05-30,240,PEC00619,Wladimir Garotinho - PSD/RJ,camara,EMC,http://www.camara.gov.br/proposicoesWeb/prop_mostrarintegra?codteor=1758128,-1
2192459,2205959,2019-05-30,241,PEC00619,Wladimir Garotinho - PSD/RJ,camara,EMC,http://www.camara.gov.br/proposicoesWeb/prop_mostrarintegra?codteor=1758129,-1
2192459,2205960,2019-05-30,242,PEC00619,Leonardo Monteiro - PT/MG,camara,EMC,http://www.camara.gov.br/proposicoesWeb/prop_mostrarintegra?codteor=1758130,-1
2192459,2205961,2019-05-30,243,PEC00619,"Eduardo Costa - PTB/PA, Wilson Santiago - PTB/PB",camara,EMC,http://www.camara.gov.br/proposicoesWeb/prop_mostrarintegra?codteor=1758131,-1
2192459,2205962,2019-05-30,244,PEC00619,Eduardo Costa - PTB/PA,camara,EMC,http://www.camara.gov.br/proposicoesWeb/prop_mostrarintegra?codteor=1758134,-1
2192459,2205964,2019-05-30,245,PEC00619,Eduardo Costa - PTB/PA,camara,EMC,http://www.camara.gov.br/proposicoesWeb/prop_mostrarintegra?codteor=1758137,-1
2192459,2205965,2019-05-30,246,PEC00619,Eduardo Costa - PTB/PA,camara,EMC,http://www.camara.gov.br/proposicoesWeb/prop_mostrarintegra?codteor=1758139,-1
2192459,2205966,2019-05-30,247,PEC00619,Pompeo de Mattos - PDT/RS,camara,EMC,http://www.camara.gov.br/proposicoesWeb/prop_mostrarintegra?codteor=1758140,-1
2192459,2205967,2019-05-30,248,PEC00619,Pompeo de Mattos - PDT/RS,camara,EMC,http://www.camara.gov.br/proposicoesWeb/prop_mostrarintegra?codteor=1758141,-1
2192459,2205968,2019-05-30,249,PEC00619,Tadeu Alencar - PSB/PE,camara,EMC,http://www.camara.gov.br/proposicoesWeb/prop_mostrarintegra?codteor=1758143,-1
2192459,2205969,2019-05-30,250,PEC00619,Tadeu Alencar - PSB/PE,camara,EMC,http://www.camara.gov.br/proposicoesWeb/prop_mostrarintegra?codteor=1758146,-1
2192459,2205970,2019-05-30,251,PEC00619,Tadeu Alencar - PSB/PE,camara,EMC,http://www.camara.gov.br/proposicoesWeb/prop_mostrarintegra?codteor=1758147,-1
2192459,2205971,2019-05-30,252,PEC00619,Tadeu Alencar - PSB/PE,camara,EMC,http://www.camara.gov.br/proposicoesWeb/prop_mostrarintegra?codteor=1758148,-1
2192459,2205972,2019-05-30,253,PEC00619,Tadeu Alencar - PSB/PE,camara,EMC,http://www.camara.gov.br/proposicoesWeb/prop_mostrarintegra?codteor=1758149,-1
2192459,2205973,2019-05-30,254,PEC00619,Tadeu Alencar - PSB/PE,camara,EMC,http://www.camara.gov.br/proposicoesWeb/prop_mostrarintegra?codteor=1758150,-1
2192459,2205974,2019-05-30,255,PEC00619,Tadeu Alencar - PSB/PE,camara,EMC,http://www.camara.gov.br/proposicoesWeb/prop_mostrarintegra?codteor=1758152,-1
2192459,2205975,2019-05-30,256,PEC00619,Tadeu Alencar - PSB/PE,camara,EMC,http://www.camara.gov.br/proposicoesWeb/prop_mostrarintegra?codteor=1758153,-1
2192459,2205976,2019-05-30,257,PEC00619,Flávia Arruda - PL/DF,camara,EMC,http://www.camara.gov.br/proposicoesWeb/prop_mostrarintegra?codteor=1758155,-1
2192459,2205977,2019-05-30,258,PEC00619,Flávia Arruda - PL/DF,camara,EMC,http://www.camara.gov.br/proposicoesWeb/prop_mostrarintegra?codteor=1758156,-1
2192459,2205978,2019-05-30,259,PEC00619,Flávia Arruda - PL/DF,camara,EMC,http://www.camara.gov.br/proposicoesWeb/prop_mostrarintegra?codteor=1758158,-1
2192459,2205979,2019-05-30,260,PEC00619,Léo Moraes - PODE/RO,camara,EMC,http://www.camara.gov.br/proposicoesWeb/prop_mostrarintegra?codteor=1758160,-1
2192459,2205980,2019-05-30,261,PEC00619,Léo Moraes - PODE/RO,camara,EMC,http://www.camara.gov.br/proposicoesWeb/prop_mostrarintegra?codteor=1758161,-1
2192459,2205981,2019-05-30,262,PEC00619,Léo Moraes - PODE/RO,camara,EMC,http://www.camara.gov.br/proposicoesWeb/prop_mostrarintegra?codteor=1758162,-1
2192459,2205982,2019-05-30,263,PEC00619,"Felipe Rigoni - PSB/ES, Tabata Amaral - PDT/SP",camara,EMC,http://www.camara.gov.br/proposicoesWeb/prop_mostrarintegra?codteor=1758164,-1
2192459,2205983,2019-05-30,264,PEC00619,"Felipe Rigoni - PSB/ES, Tabata Amaral - PDT/SP, Professor Israel Batista - PV/DF",camara,EMC,http://www.camara.gov.br/proposicoesWeb/prop_mostrarintegra?codteor=1758166,-1
2192459,2205984,2019-05-30,265,PEC00619,"Felipe Rigoni - PSB/ES, Tabata Amaral - PDT/SP",camara,EMC,http://www.camara.gov.br/proposicoesWeb/prop_mostrarintegra?codteor=1758168,-1
2192459,2205985,2019-05-30,266,PEC00619,Professora Dorinha Seabra Rezende - DEM/TO,camara,EMC,http://www.camara.gov.br/proposicoesWeb/prop_mostrarintegra?codteor=1758171,-1
2192459,2205986,2019-05-30,267,PEC00619,Vinicius Carvalho - PRB/SP,camara,EMC,http://www.camara.gov.br/proposicoesWeb/prop_mostrarintegra?codteor=1758173,-1
2192459,2205987,2019-05-30,268,PEC00619,Julio Cesar Ribeiro - PRB/DF,camara,EMC,http://www.camara.gov.br/proposicoesWeb/prop_mostrarintegra?codteor=1758174,-1
2192459,2205988,2019-05-30,269,PEC00619,Pedro Paulo - DEM/RJ,camara,EMC,http://www.camara.gov.br/proposicoesWeb/prop_mostrarintegra?codteor=1758176,-1
2192459,2205989,2019-05-30,270,PEC00619,Enrico Misasi - PV/SP,camara,EMC,http://www.camara.gov.br/proposicoesWeb/prop_mostrarintegra?codteor=1758177,-1
2192459,2205990,2019-05-30,271,PEC00619,Padre João - PT/MG,camara,EMC,http://www.camara.gov.br/proposicoesWeb/prop_mostrarintegra?codteor=1758179,-1
2192459,2205991,2019-05-30,272,PEC00619,Padre João - PT/MG,camara,EMC,http://www.camara.gov.br/proposicoesWeb/prop_mostrarintegra?codteor=1758182,-1
2192459,2205992,2019-05-30,273,PEC00619,Hildo Rocha - MDB/MA,camara,EMC,http://www.camara.gov.br/proposicoesWeb/prop_mostrarintegra?codteor=1758191,-1
2192459,2205993,2019-05-30,274,PEC00619,Celso Sabino - PSDB/PA,camara,EMC,http://www.camara.gov.br/proposicoesWeb/prop_mostrarintegra?codteor=1758192,-1
2192459,2205994,2019-05-30,275,PEC00619,Hildo Rocha - MDB/MA,camara,EMC,http://www.camara.gov.br/proposicoesWeb/prop_mostrarintegra?codteor=1758194,-1
2192459,2205995,2019-05-30,276,PEC00619,Heitor Schuch - PSB/RS,camara,EMC,http://www.camara.gov.br/proposicoesWeb/prop_mostrarintegra?codteor=1758195,-1
2192459,2205996,2019-05-30,277,PEC00619,Flavio Nogueira - PDT/PI,camara,EMC,http://www.camara.gov.br/proposicoesWeb/prop_mostrarintegra?codteor=1758218,-1
